date,ID,product,buysell,meigara,total
2025-05-27,1205,投信,売,C銘柄,37000
2025-05-01,1327,投信,売,A銘柄,28000
2025-04-05,1336,預金,買,H銘柄,66000
2025-05-15,1037,投信,買,C銘柄,10000
2025-03-08,1128,投信,売,A銘柄,61000
2025-05-05,1072,投信,売,D銘柄,1000
2025-03-04,1020,預金,買,H銘柄,51000
2025-03-19,1045,投信,買,B銘柄,48000
2025-05-28,1164,投信,買,A銘柄,10000
2025-05-31,1235,投信,売,C銘柄,25000
2025-05-29,1441,投信,買,E銘柄,2000
2025-05-29,1361,預金,買,F銘柄,59000
2025-03-05,1017,預金,買,H銘柄,31000
2025-03-23,1428,投信,売,B銘柄,80000
2025-05-26,1495,預金,買,H銘柄,48000
2025-05-01,1244,投信,買,D銘柄,13000
2025-04-11,1199,預金,売,H銘柄,76000
2025-05-19,1076,預金,売,G銘柄,54000
2025-05-27,1456,預金,売,F銘柄,71000
2025-04-12,1135,預金,買,G銘柄,80000
2025-03-24,1238,投信,売,E銘柄,50000
2025-05-15,1071,預金,買,H銘柄,81000
2025-04-23,1284,預金,買,G銘柄,9000
2025-04-05,1033,預金,買,G銘柄,30000
2025-03-19,1131,投信,売,C銘柄,9000
2025-05-03,1147,投信,買,C銘柄,84000
2025-05-13,1220,投信,買,D銘柄,100000
2025-05-12,1164,投信,売,E銘柄,36000
2025-04-23,1400,投信,売,D銘柄,42000
2025-03-06,1406,投信,売,E銘柄,13000
2025-03-05,1234,投信,買,B銘柄,59000
2025-05-27,1112,投信,売,B銘柄,1000
2025-04-12,1144,投信,買,A銘柄,61000
2025-05-07,1025,預金,買,G銘柄,57000
2025-03-27,1152,預金,買,F銘柄,26000
2025-05-19,1409,投信,売,C銘柄,46000
2025-03-03,1294,投信,買,B銘柄,43000
2025-03-13,1322,預金,売,H銘柄,30000
2025-04-04,1469,預金,売,G銘柄,74000
2025-04-08,1247,預金,売,G銘柄,97000
2025-04-02,1218,投信,売,C銘柄,1000
2025-03-07,1244,預金,買,G銘柄,21000
2025-03-11,1229,預金,買,F銘柄,72000
2025-04-23,1489,預金,買,G銘柄,40000
2025-04-30,1180,預金,売,F銘柄,73000
2025-04-28,1254,投信,売,D銘柄,42000
2025-05-02,1181,投信,売,D銘柄,84000
2025-04-19,1029,預金,売,H銘柄,34000
2025-03-10,1165,投信,買,C銘柄,4000
2025-03-18,1489,投信,買,E銘柄,83000
2025-05-08,1047,投信,売,B銘柄,53000
2025-05-06,1427,投信,買,B銘柄,50000
2025-05-15,1328,投信,買,B銘柄,93000
2025-05-02,1433,預金,売,G銘柄,66000
2025-03-11,1475,預金,買,H銘柄,96000
2025-05-24,1157,投信,売,E銘柄,91000
2025-03-29,1263,預金,売,F銘柄,3000
2025-05-05,1083,投信,買,C銘柄,68000
2025-05-17,1265,預金,売,G銘柄,72000
2025-05-05,1278,預金,売,G銘柄,63000
2025-04-15,1344,投信,買,A銘柄,55000
2025-05-03,1161,投信,買,C銘柄,91000
2025-05-07,1261,投信,売,E銘柄,86000
2025-04-30,1252,投信,売,E銘柄,52000
2025-05-05,1491,投信,売,C銘柄,2000
2025-03-12,1371,預金,買,F銘柄,47000
2025-04-11,1414,投信,売,D銘柄,47000
2025-03-30,1431,投信,売,A銘柄,78000
2025-05-02,1197,預金,売,F銘柄,5000
2025-04-08,1066,預金,買,G銘柄,37000
2025-03-25,1499,預金,買,F銘柄,36000
2025-04-22,1477,預金,売,G銘柄,37000
2025-03-18,1316,預金,買,F銘柄,94000
2025-03-28,1460,預金,売,G銘柄,44000
2025-04-20,1174,預金,売,H銘柄,99000
2025-03-12,1363,預金,売,F銘柄,38000
2025-04-18,1271,投信,売,A銘柄,30000
2025-03-13,1017,投信,買,C銘柄,90000
2025-03-28,1309,預金,買,G銘柄,21000
2025-03-08,1273,投信,売,B銘柄,86000
2025-04-13,1024,預金,売,H銘柄,15000
2025-04-14,1286,預金,買,H銘柄,10000
2025-03-07,1011,投信,買,E銘柄,9000
2025-05-09,1215,投信,売,E銘柄,48000
2025-05-05,1290,預金,売,G銘柄,37000
2025-03-19,1216,投信,売,E銘柄,94000
2025-03-07,1293,投信,買,C銘柄,5000
2025-05-03,1274,投信,買,E銘柄,14000
2025-04-22,1477,預金,売,G銘柄,60000
2025-05-05,1173,預金,買,G銘柄,11000
2025-05-04,1429,投信,買,E銘柄,97000
2025-03-21,1259,預金,買,H銘柄,50000
2025-03-28,1376,投信,買,A銘柄,68000
2025-04-26,1067,投信,買,B銘柄,79000
2025-03-11,1440,投信,買,D銘柄,12000
2025-04-23,1273,預金,買,F銘柄,76000
2025-04-26,1177,投信,買,D銘柄,21000
2025-04-12,1411,投信,売,D銘柄,34000
2025-03-09,1272,投信,買,C銘柄,73000
2025-05-19,1166,預金,買,H銘柄,40000
2025-03-18,1168,投信,買,B銘柄,59000
2025-03-27,1318,預金,売,G銘柄,85000
2025-03-16,1219,預金,売,F銘柄,30000
2025-05-20,1277,預金,買,F銘柄,96000
2025-03-22,1382,預金,買,F銘柄,93000
2025-05-14,1361,預金,買,F銘柄,56000
2025-03-15,1117,投信,買,E銘柄,38000
2025-03-14,1114,預金,売,F銘柄,80000
2025-04-08,1360,投信,売,D銘柄,100000
2025-05-07,1302,預金,売,F銘柄,18000
2025-04-17,1421,預金,売,F銘柄,41000
2025-03-15,1125,投信,売,A銘柄,52000
2025-05-03,1046,投信,売,E銘柄,73000
2025-03-15,1485,投信,買,D銘柄,92000
2025-03-21,1264,預金,売,F銘柄,21000
2025-04-02,1250,預金,買,G銘柄,52000
2025-04-04,1356,預金,売,H銘柄,21000
2025-04-15,1130,投信,買,B銘柄,27000
2025-03-10,1336,預金,売,F銘柄,42000
2025-04-23,1253,預金,売,G銘柄,37000
2025-03-23,1321,預金,売,F銘柄,36000
2025-03-15,1257,投信,売,A銘柄,20000
2025-03-01,1377,投信,買,B銘柄,17000
2025-05-07,1371,投信,売,C銘柄,1000
2025-03-28,1389,預金,買,H銘柄,3000
2025-03-04,1491,預金,売,F銘柄,71000
2025-03-27,1042,預金,買,F銘柄,48000
2025-03-11,1034,投信,売,D銘柄,54000
2025-05-18,1096,投信,買,E銘柄,62000
2025-03-01,1087,預金,買,H銘柄,45000
2025-03-26,1443,預金,買,G銘柄,74000
2025-05-06,1169,投信,買,D銘柄,57000
2025-04-01,1250,預金,買,G銘柄,15000
2025-04-22,1161,投信,買,B銘柄,98000
2025-04-21,1396,預金,売,F銘柄,54000
2025-04-06,1486,投信,買,E銘柄,21000
2025-04-28,1087,投信,買,E銘柄,3000
2025-04-18,1405,預金,買,G銘柄,46000
2025-03-25,1352,投信,買,A銘柄,7000
2025-05-11,1078,投信,売,E銘柄,77000
2025-03-22,1151,預金,買,F銘柄,60000
2025-04-01,1073,投信,売,E銘柄,96000
2025-04-03,1258,投信,売,A銘柄,69000
2025-05-30,1064,投信,売,B銘柄,57000
2025-04-05,1065,預金,売,F銘柄,91000
2025-05-13,1368,投信,買,C銘柄,21000
2025-03-30,1067,預金,買,G銘柄,33000
2025-05-06,1312,投信,買,C銘柄,62000
2025-03-03,1195,投信,買,B銘柄,93000
2025-05-13,1001,預金,買,G銘柄,91000
2025-03-05,1216,投信,売,C銘柄,33000
2025-04-18,1332,預金,買,F銘柄,37000
2025-04-18,1483,投信,買,E銘柄,81000
2025-04-21,1274,投信,買,D銘柄,89000
2025-05-30,1285,投信,売,E銘柄,95000
2025-04-06,1211,預金,買,G銘柄,0
2025-04-26,1003,投信,買,E銘柄,42000
2025-05-19,1241,投信,売,B銘柄,30000
2025-05-25,1207,投信,買,E銘柄,70000
2025-04-06,1327,預金,買,F銘柄,98000
2025-05-24,1041,投信,買,E銘柄,17000
2025-05-21,1158,預金,買,H銘柄,89000
2025-04-13,1123,預金,売,H銘柄,67000
2025-05-09,1221,預金,買,G銘柄,24000
2025-05-16,1477,投信,買,C銘柄,44000
2025-03-12,1193,預金,買,F銘柄,73000
2025-05-18,1397,預金,売,F銘柄,77000
2025-05-22,1116,預金,売,H銘柄,11000
2025-05-10,1246,投信,売,B銘柄,37000
2025-03-02,1458,投信,売,C銘柄,31000
2025-05-21,1079,投信,買,A銘柄,56000
2025-03-16,1043,投信,売,A銘柄,44000
2025-03-16,1061,預金,売,H銘柄,32000
2025-03-26,1134,預金,売,G銘柄,8000
2025-03-18,1139,預金,売,H銘柄,58000
2025-03-05,1049,投信,売,C銘柄,13000
2025-05-01,1408,預金,売,H銘柄,57000
2025-03-02,1167,預金,売,H銘柄,88000
2025-03-14,1005,預金,売,H銘柄,53000
2025-03-09,1189,預金,買,G銘柄,15000
2025-03-31,1283,投信,買,C銘柄,56000
2025-03-01,1050,預金,売,H銘柄,54000
2025-05-28,1190,預金,売,H銘柄,81000
2025-03-19,1077,預金,売,G銘柄,35000
2025-05-03,1092,預金,買,G銘柄,72000
2025-05-13,1174,投信,売,E銘柄,46000
2025-05-02,1077,投信,買,A銘柄,90000
2025-05-01,1473,預金,買,H銘柄,44000
2025-05-22,1228,投信,買,E銘柄,50000
2025-04-10,1352,預金,買,G銘柄,69000
2025-03-12,1376,投信,売,E銘柄,30000
2025-04-04,1189,投信,売,C銘柄,64000
2025-04-04,1037,投信,売,A銘柄,42000
2025-03-12,1244,預金,売,F銘柄,50000
2025-05-26,1178,投信,売,A銘柄,68000
2025-04-21,1032,投信,買,A銘柄,75000
2025-03-15,1009,投信,買,E銘柄,48000
2025-04-11,1399,預金,売,G銘柄,73000
2025-05-28,1439,預金,買,F銘柄,36000
2025-04-07,1396,預金,買,F銘柄,83000
2025-04-10,1246,投信,売,C銘柄,16000
2025-03-26,1306,投信,売,D銘柄,63000
2025-04-01,1073,投信,売,E銘柄,25000
2025-04-24,1202,投信,買,A銘柄,33000
2025-04-21,1368,預金,買,H銘柄,21000
2025-03-20,1210,投信,売,D銘柄,20000
2025-05-21,1448,投信,買,B銘柄,5000
2025-04-17,1080,預金,買,H銘柄,27000
2025-03-28,1379,投信,売,E銘柄,91000
2025-04-26,1447,投信,売,C銘柄,33000
2025-04-08,1082,投信,買,A銘柄,9000
2025-03-12,1353,投信,売,A銘柄,69000
2025-03-02,1021,預金,買,F銘柄,98000
2025-05-29,1122,預金,買,H銘柄,40000
2025-03-22,1108,預金,売,F銘柄,33000
2025-03-14,1191,投信,売,A銘柄,24000
2025-04-02,1063,預金,買,G銘柄,85000
2025-05-09,1423,預金,売,H銘柄,6000
2025-04-21,1272,預金,買,H銘柄,16000
2025-03-15,1321,投信,売,C銘柄,9000
2025-03-03,1123,預金,売,F銘柄,15000
2025-04-27,1189,預金,買,G銘柄,38000
2025-05-18,1119,預金,買,F銘柄,71000
2025-05-28,1371,投信,買,B銘柄,40000
2025-05-12,1165,預金,買,H銘柄,91000
2025-05-21,1259,預金,買,G銘柄,23000
2025-03-31,1080,投信,売,D銘柄,28000
2025-03-14,1152,投信,売,C銘柄,83000
2025-03-20,1061,投信,売,B銘柄,96000
2025-03-19,1034,投信,買,D銘柄,47000
2025-04-11,1425,投信,買,E銘柄,45000
2025-03-12,1124,預金,買,H銘柄,71000
2025-03-05,1236,投信,売,C銘柄,10000
2025-04-24,1153,預金,買,F銘柄,40000
2025-05-05,1083,投信,買,C銘柄,43000
2025-05-06,1218,投信,売,B銘柄,80000
2025-05-03,1355,投信,売,B銘柄,78000
2025-04-06,1182,預金,買,H銘柄,82000
2025-03-16,1420,預金,売,H銘柄,96000
2025-03-04,1079,預金,買,G銘柄,3000
2025-03-03,1093,投信,売,D銘柄,83000
2025-03-19,1119,預金,売,H銘柄,21000
2025-04-12,1025,投信,売,A銘柄,7000
2025-05-22,1318,預金,売,H銘柄,58000
2025-04-17,1141,投信,売,E銘柄,96000
2025-05-07,1372,預金,買,F銘柄,18000
2025-04-05,1119,預金,買,H銘柄,61000
2025-03-22,1072,投信,買,A銘柄,96000
2025-04-01,1210,投信,買,D銘柄,71000
2025-05-09,1002,投信,売,B銘柄,96000
2025-05-16,1200,投信,買,E銘柄,88000
2025-03-29,1217,預金,買,F銘柄,50000
2025-04-18,1349,預金,買,H銘柄,32000
2025-04-28,1216,投信,買,E銘柄,35000
2025-04-04,1248,投信,売,A銘柄,85000
2025-04-10,1078,預金,売,F銘柄,92000
2025-05-23,1032,投信,売,A銘柄,67000
2025-04-25,1118,投信,売,C銘柄,75000
2025-03-25,1156,投信,売,C銘柄,38000
2025-03-03,1241,預金,買,F銘柄,24000
2025-03-17,1267,投信,買,E銘柄,42000
2025-05-31,1496,投信,売,A銘柄,32000
2025-05-03,1364,投信,売,C銘柄,15000
2025-03-04,1174,預金,買,F銘柄,22000
2025-04-30,1328,投信,売,D銘柄,82000
2025-04-16,1478,預金,売,F銘柄,22000
2025-05-11,1453,預金,売,F銘柄,45000
2025-04-01,1333,預金,売,F銘柄,0
2025-03-13,1301,預金,売,H銘柄,50000
2025-03-20,1390,投信,買,D銘柄,60000
2025-04-09,1011,投信,売,B銘柄,84000
2025-05-26,1350,預金,売,F銘柄,87000
2025-03-18,1023,投信,買,D銘柄,21000
2025-04-22,1103,投信,買,E銘柄,91000
2025-05-12,1018,預金,買,F銘柄,24000
2025-04-19,1145,預金,売,G銘柄,5000
2025-05-08,1191,投信,売,A銘柄,23000
2025-05-19,1373,預金,売,H銘柄,78000
2025-03-12,1249,投信,売,E銘柄,65000
2025-04-13,1011,預金,買,F銘柄,95000
2025-05-22,1043,投信,売,B銘柄,97000
2025-03-16,1295,投信,買,C銘柄,73000
2025-05-21,1004,投信,売,E銘柄,72000
2025-05-11,1219,預金,買,F銘柄,65000
2025-03-08,1182,預金,売,H銘柄,94000
2025-04-03,1440,預金,売,H銘柄,69000
2025-05-08,1304,投信,買,B銘柄,41000
2025-05-24,1481,投信,買,D銘柄,8000
2025-04-12,1131,投信,売,A銘柄,73000
2025-05-12,1080,預金,売,F銘柄,74000
2025-04-15,1359,投信,買,E銘柄,48000
2025-04-14,1022,投信,買,A銘柄,60000
2025-03-06,1398,投信,買,C銘柄,97000
2025-05-27,1080,投信,買,B銘柄,90000
2025-03-09,1229,預金,売,F銘柄,95000
2025-03-05,1037,投信,買,A銘柄,3000
2025-03-28,1455,預金,買,H銘柄,100000
2025-05-12,1221,預金,売,G銘柄,93000
2025-05-02,1040,預金,買,G銘柄,39000
2025-03-15,1112,預金,売,F銘柄,90000
2025-04-27,1047,投信,買,B銘柄,2000
2025-04-25,1210,投信,売,A銘柄,51000
2025-03-22,1483,預金,買,F銘柄,35000
2025-04-27,1441,投信,売,C銘柄,46000
2025-03-21,1291,投信,売,A銘柄,22000
2025-05-20,1051,投信,買,B銘柄,47000
2025-04-23,1454,投信,売,D銘柄,14000
2025-05-11,1256,投信,買,C銘柄,76000
2025-05-02,1485,投信,買,C銘柄,1000
2025-03-12,1160,投信,売,B銘柄,51000
2025-03-19,1062,預金,売,F銘柄,46000
2025-04-05,1344,預金,買,G銘柄,13000
2025-03-02,1049,投信,買,E銘柄,14000
2025-05-20,1378,投信,買,C銘柄,33000
2025-04-22,1108,預金,売,H銘柄,28000
2025-03-16,1046,投信,買,A銘柄,5000
2025-05-24,1216,預金,買,H銘柄,32000
2025-04-01,1486,預金,売,F銘柄,19000
2025-05-09,1463,投信,買,E銘柄,51000
2025-04-24,1423,預金,買,H銘柄,98000
2025-04-27,1239,投信,買,B銘柄,56000
2025-03-29,1454,預金,買,G銘柄,47000
2025-05-07,1480,預金,売,G銘柄,92000
2025-05-30,1152,投信,売,C銘柄,77000
2025-05-24,1167,預金,売,F銘柄,33000
2025-03-31,1482,投信,買,D銘柄,72000
2025-03-30,1343,預金,売,F銘柄,3000
2025-05-06,1467,投信,買,C銘柄,63000
2025-03-17,1441,投信,買,D銘柄,79000
2025-03-07,1156,預金,売,G銘柄,1000
2025-04-26,1284,預金,売,F銘柄,42000
2025-03-24,1329,投信,買,E銘柄,86000
2025-03-07,1088,投信,売,B銘柄,49000
2025-05-01,1229,投信,売,E銘柄,93000
2025-05-21,1029,投信,買,A銘柄,40000
2025-04-15,1343,預金,買,H銘柄,86000
2025-05-07,1227,投信,売,C銘柄,35000
2025-03-08,1021,投信,売,D銘柄,58000
2025-04-11,1160,投信,売,E銘柄,10000
2025-04-09,1171,投信,買,B銘柄,28000
2025-03-22,1361,預金,買,G銘柄,49000
2025-03-20,1270,投信,売,A銘柄,52000
2025-03-14,1211,投信,売,E銘柄,95000
2025-04-23,1062,預金,買,H銘柄,40000
2025-05-01,1373,預金,買,F銘柄,71000
2025-03-22,1084,投信,売,A銘柄,64000
2025-04-29,1101,投信,売,E銘柄,57000
2025-05-19,1334,投信,買,C銘柄,24000
2025-04-12,1487,投信,買,A銘柄,67000
2025-03-28,1490,投信,売,D銘柄,90000
2025-05-10,1078,投信,売,A銘柄,91000
2025-03-18,1474,投信,売,C銘柄,57000
2025-05-25,1132,投信,買,E銘柄,50000
2025-05-21,1382,投信,売,B銘柄,81000
2025-03-13,1028,預金,買,G銘柄,41000
2025-05-18,1368,投信,買,E銘柄,37000
2025-05-09,1216,投信,売,B銘柄,66000
2025-03-14,1050,投信,買,D銘柄,68000
2025-04-22,1311,預金,売,F銘柄,37000
2025-04-14,1368,投信,売,C銘柄,36000
2025-04-28,1026,預金,売,F銘柄,98000
2025-05-07,1073,預金,売,H銘柄,23000
2025-03-17,1262,投信,買,D銘柄,33000
2025-04-10,1354,投信,売,C銘柄,69000
2025-05-21,1178,預金,買,G銘柄,68000
2025-05-03,1200,投信,買,A銘柄,63000
2025-04-22,1045,預金,売,F銘柄,61000
2025-04-12,1084,投信,売,B銘柄,85000
2025-04-11,1078,投信,売,A銘柄,68000
2025-04-29,1299,預金,売,F銘柄,85000
2025-03-21,1085,投信,売,B銘柄,74000
2025-04-25,1005,預金,売,G銘柄,3000
2025-05-27,1195,預金,買,F銘柄,61000
2025-04-17,1139,投信,買,B銘柄,26000
2025-03-13,1499,預金,売,G銘柄,4000
2025-03-20,1289,投信,売,C銘柄,1000
2025-04-12,1398,投信,買,C銘柄,39000
2025-03-24,1086,預金,買,G銘柄,56000
2025-05-07,1054,投信,買,B銘柄,89000
2025-03-05,1120,投信,売,B銘柄,35000
2025-05-16,1058,預金,売,G銘柄,51000
2025-05-22,1332,預金,買,H銘柄,83000
2025-05-26,1455,投信,売,C銘柄,91000
2025-04-02,1314,預金,買,F銘柄,85000
2025-04-20,1140,預金,買,G銘柄,50000
2025-05-06,1133,預金,買,F銘柄,25000
2025-05-23,1222,預金,売,F銘柄,60000
2025-05-11,1151,預金,買,G銘柄,43000
2025-04-02,1407,預金,買,F銘柄,21000
2025-03-11,1122,投信,売,C銘柄,24000
2025-03-02,1439,預金,売,H銘柄,25000
2025-04-21,1460,投信,買,E銘柄,58000
2025-04-30,1039,投信,買,E銘柄,14000
2025-05-10,1391,投信,売,A銘柄,11000
2025-04-07,1183,預金,売,G銘柄,18000
2025-03-14,1360,投信,買,A銘柄,87000
2025-03-13,1281,投信,買,D銘柄,93000
2025-05-28,1279,預金,買,H銘柄,18000
2025-05-27,1161,投信,売,B銘柄,77000
2025-05-06,1408,投信,売,B銘柄,18000
2025-03-28,1192,投信,買,A銘柄,65000
2025-05-06,1418,預金,買,G銘柄,81000
2025-05-02,1267,預金,売,H銘柄,94000
2025-03-07,1309,預金,買,H銘柄,80000
2025-03-02,1315,預金,売,H銘柄,58000
2025-04-14,1458,投信,買,E銘柄,3000
2025-04-24,1139,預金,買,H銘柄,6000
2025-03-13,1323,預金,買,F銘柄,93000
2025-04-23,1207,投信,買,E銘柄,80000
2025-03-17,1116,投信,売,E銘柄,11000
2025-03-27,1286,預金,売,H銘柄,23000
2025-03-17,1292,預金,買,F銘柄,86000
2025-04-10,1216,投信,売,B銘柄,35000
2025-03-22,1185,投信,売,A銘柄,66000
2025-05-19,1461,預金,売,F銘柄,4000
2025-05-30,1182,預金,買,G銘柄,49000
2025-04-16,1014,投信,買,D銘柄,59000
2025-05-31,1405,預金,買,H銘柄,95000
2025-05-26,1358,投信,売,D銘柄,42000
2025-05-06,1207,投信,売,E銘柄,40000
2025-05-14,1110,預金,売,H銘柄,54000
2025-04-10,1484,預金,売,F銘柄,100000
2025-03-02,1417,投信,売,C銘柄,33000
2025-04-21,1139,預金,売,G銘柄,58000
2025-04-09,1483,預金,売,G銘柄,100000
2025-03-07,1344,預金,売,H銘柄,11000
2025-03-27,1400,預金,売,F銘柄,59000
2025-04-19,1256,預金,買,G銘柄,32000
2025-03-13,1228,預金,買,F銘柄,18000
2025-05-15,1154,預金,売,H銘柄,68000
2025-05-05,1379,預金,売,F銘柄,27000
2025-05-05,1472,投信,売,C銘柄,72000
2025-05-02,1034,投信,買,D銘柄,31000
2025-03-10,1175,預金,買,H銘柄,83000
2025-04-10,1326,投信,売,E銘柄,45000
2025-03-12,1042,預金,買,G銘柄,95000
2025-03-16,1400,投信,買,E銘柄,55000
2025-03-09,1077,預金,買,F銘柄,12000
2025-04-15,1462,投信,売,E銘柄,13000
2025-04-26,1028,預金,売,F銘柄,90000
2025-05-22,1254,投信,売,C銘柄,37000
2025-05-25,1351,投信,買,D銘柄,0
2025-04-09,1419,投信,売,E銘柄,58000
2025-05-22,1199,預金,売,G銘柄,42000
2025-04-13,1345,投信,買,A銘柄,28000
2025-04-04,1490,預金,買,F銘柄,48000
2025-04-19,1305,預金,売,G銘柄,11000
2025-03-25,1190,投信,買,B銘柄,51000
2025-04-03,1195,預金,売,F銘柄,3000
2025-03-14,1076,預金,売,G銘柄,89000
2025-05-28,1134,投信,買,E銘柄,2000
2025-03-22,1457,投信,売,C銘柄,99000
2025-04-09,1196,預金,買,H銘柄,0
2025-03-03,1490,投信,売,E銘柄,20000
2025-04-22,1436,預金,買,H銘柄,11000
2025-04-25,1069,投信,買,A銘柄,38000
2025-04-05,1026,預金,売,F銘柄,49000
2025-03-16,1411,投信,売,D銘柄,38000
2025-05-25,1218,投信,買,A銘柄,82000
2025-05-12,1245,投信,買,A銘柄,100000
2025-05-28,1009,投信,買,D銘柄,90000
2025-03-16,1224,投信,買,B銘柄,33000
2025-05-27,1490,預金,売,H銘柄,54000
2025-05-25,1079,投信,買,D銘柄,97000
2025-05-03,1148,預金,買,F銘柄,53000
2025-03-09,1249,預金,売,G銘柄,30000
2025-03-29,1194,投信,買,B銘柄,52000
2025-03-27,1489,預金,買,G銘柄,25000
2025-05-13,1056,投信,売,D銘柄,86000
2025-05-07,1383,投信,買,A銘柄,25000
2025-04-27,1458,預金,売,F銘柄,16000
2025-04-06,1465,投信,売,A銘柄,55000
2025-03-13,1023,投信,買,D銘柄,63000
2025-05-30,1276,投信,買,E銘柄,46000
2025-05-11,1274,投信,売,D銘柄,68000
2025-03-31,1167,投信,買,E銘柄,0
2025-05-04,1229,預金,売,F銘柄,44000
2025-04-16,1291,投信,売,A銘柄,50000
2025-05-15,1119,預金,売,F銘柄,40000
2025-05-28,1281,投信,売,B銘柄,25000
2025-04-14,1017,預金,売,H銘柄,57000
2025-04-27,1218,預金,売,H銘柄,13000
2025-04-18,1077,投信,買,B銘柄,46000
2025-04-18,1082,投信,売,D銘柄,46000
2025-05-28,1206,投信,買,E銘柄,33000
2025-05-17,1378,預金,買,F銘柄,18000
2025-04-25,1473,預金,売,F銘柄,30000
2025-05-19,1093,預金,売,G銘柄,81000
2025-04-26,1092,投信,買,D銘柄,2000
2025-03-19,1169,投信,売,C銘柄,99000
2025-05-06,1347,投信,売,A銘柄,46000
2025-05-16,1002,投信,売,D銘柄,39000
2025-05-07,1384,預金,買,G銘柄,21000
2025-03-22,1489,投信,売,A銘柄,17000
2025-05-24,1446,預金,買,H銘柄,10000
2025-03-04,1486,預金,買,G銘柄,12000
2025-05-04,1161,預金,買,G銘柄,83000
2025-04-12,1254,預金,買,G銘柄,4000
2025-04-05,1339,投信,買,D銘柄,69000
2025-03-24,1074,投信,売,D銘柄,13000
2025-03-05,1263,投信,売,E銘柄,22000
2025-03-05,1259,投信,売,D銘柄,20000
2025-05-26,1084,投信,買,D銘柄,73000
2025-04-12,1297,投信,売,C銘柄,2000
2025-03-23,1184,預金,売,F銘柄,91000
2025-05-01,1469,預金,買,F銘柄,48000
2025-03-21,1158,預金,買,F銘柄,73000
2025-03-04,1328,投信,売,C銘柄,22000
2025-03-28,1051,預金,買,H銘柄,21000
2025-04-25,1391,預金,売,F銘柄,5000
2025-05-02,1161,投信,売,A銘柄,77000
2025-04-08,1457,預金,買,H銘柄,75000
2025-03-08,1495,預金,買,G銘柄,73000
2025-03-13,1040,預金,売,G銘柄,24000
2025-05-30,1469,預金,買,G銘柄,41000
2025-03-10,1365,預金,買,F銘柄,40000
2025-05-12,1043,預金,買,H銘柄,32000
2025-04-01,1158,投信,売,D銘柄,78000
2025-05-08,1378,預金,買,F銘柄,86000
2025-03-01,1440,預金,売,H銘柄,25000
2025-04-13,1496,預金,売,G銘柄,7000
2025-04-19,1343,投信,買,B銘柄,25000
2025-03-11,1081,預金,売,H銘柄,90000
2025-03-24,1297,預金,買,H銘柄,18000
2025-04-21,1412,投信,買,B銘柄,67000
2025-03-20,1235,預金,売,H銘柄,57000
2025-04-16,1324,預金,売,G銘柄,96000
2025-03-28,1454,投信,売,E銘柄,42000
2025-04-16,1261,投信,売,A銘柄,93000
2025-03-05,1305,投信,売,E銘柄,0
2025-04-27,1226,投信,買,C銘柄,89000
2025-04-05,1031,投信,買,C銘柄,3000
2025-05-12,1013,投信,買,C銘柄,28000
2025-04-16,1499,預金,買,G銘柄,58000
2025-05-30,1313,投信,売,D銘柄,18000
2025-04-01,1074,預金,買,F銘柄,49000
2025-04-20,1157,預金,買,G銘柄,72000
2025-04-19,1009,投信,買,E銘柄,34000
2025-03-10,1355,預金,売,H銘柄,24000
2025-03-20,1076,投信,買,B銘柄,15000
2025-05-30,1381,預金,買,H銘柄,73000
2025-03-09,1373,投信,売,B銘柄,66000
2025-05-20,1232,投信,買,D銘柄,76000
2025-04-22,1220,預金,買,H銘柄,64000
2025-04-09,1191,預金,買,F銘柄,33000
2025-04-02,1006,投信,買,C銘柄,16000
2025-04-17,1171,投信,買,C銘柄,2000
2025-04-19,1113,預金,売,F銘柄,71000
2025-05-26,1302,投信,売,C銘柄,98000
2025-05-25,1274,預金,買,F銘柄,55000
2025-04-02,1080,投信,買,A銘柄,12000
2025-05-10,1023,投信,買,A銘柄,0
2025-03-18,1017,投信,買,A銘柄,69000
2025-05-22,1430,投信,売,E銘柄,33000
2025-04-07,1288,投信,売,C銘柄,8000
2025-05-16,1104,預金,売,H銘柄,47000
2025-03-13,1372,投信,買,C銘柄,49000
2025-03-25,1466,預金,買,G銘柄,99000
2025-04-25,1225,投信,売,A銘柄,68000
2025-05-27,1390,投信,買,C銘柄,17000
2025-03-14,1347,投信,売,E銘柄,55000
2025-05-09,1114,投信,売,C銘柄,36000
2025-03-30,1418,預金,買,H銘柄,12000
2025-04-27,1195,投信,売,A銘柄,19000
2025-05-17,1087,預金,売,F銘柄,97000
2025-05-07,1246,投信,買,A銘柄,28000
2025-04-26,1250,預金,売,F銘柄,59000
2025-05-21,1336,預金,買,G銘柄,11000
2025-03-20,1481,預金,売,G銘柄,41000
2025-05-12,1216,投信,買,A銘柄,76000
2025-05-22,1350,預金,買,H銘柄,13000
2025-04-10,1499,預金,売,G銘柄,71000
2025-04-08,1264,投信,買,B銘柄,67000
2025-04-05,1010,預金,売,G銘柄,41000
2025-04-03,1206,投信,売,D銘柄,72000
2025-03-12,1347,預金,買,H銘柄,98000
2025-04-13,1285,投信,売,C銘柄,28000
2025-05-26,1325,預金,売,G銘柄,44000
2025-03-03,1449,預金,買,H銘柄,43000
2025-05-29,1285,預金,売,H銘柄,81000
2025-05-21,1159,投信,売,B銘柄,99000
2025-05-28,1240,投信,買,D銘柄,51000
2025-05-10,1317,預金,売,F銘柄,49000
2025-03-03,1039,投信,売,B銘柄,89000
2025-03-20,1106,預金,買,H銘柄,77000
2025-03-26,1319,投信,買,D銘柄,91000
2025-03-09,1371,投信,買,D銘柄,25000
2025-04-30,1455,投信,買,B銘柄,5000
2025-04-18,1383,預金,買,F銘柄,55000
2025-04-16,1201,預金,買,G銘柄,4000
2025-05-24,1056,投信,買,E銘柄,88000
2025-05-06,1194,投信,売,E銘柄,70000
2025-04-22,1121,投信,買,D銘柄,90000
2025-05-03,1086,預金,売,G銘柄,49000
2025-04-01,1007,投信,買,D銘柄,58000
2025-04-26,1097,投信,買,E銘柄,46000
2025-04-02,1484,預金,買,G銘柄,58000
2025-05-20,1073,投信,売,D銘柄,64000
2025-05-18,1430,投信,売,B銘柄,82000
2025-04-05,1193,預金,買,F銘柄,84000
2025-03-11,1182,投信,売,B銘柄,97000
2025-03-27,1092,投信,売,D銘柄,97000
2025-03-17,1372,投信,売,D銘柄,47000
2025-04-30,1384,投信,売,D銘柄,82000
2025-04-30,1119,預金,買,G銘柄,10000
2025-04-11,1150,預金,売,H銘柄,50000
2025-05-11,1128,預金,売,F銘柄,12000
2025-04-21,1045,預金,買,H銘柄,96000
2025-04-24,1306,投信,買,E銘柄,50000
2025-03-01,1031,投信,買,E銘柄,79000
2025-03-03,1037,投信,売,E銘柄,52000
2025-05-27,1239,預金,売,G銘柄,65000
2025-05-09,1125,預金,買,F銘柄,96000
2025-04-18,1429,預金,買,H銘柄,55000
2025-04-04,1143,投信,買,B銘柄,91000
2025-03-02,1076,投信,売,E銘柄,59000
2025-03-29,1306,投信,買,C銘柄,32000
2025-05-23,1044,預金,買,G銘柄,27000
2025-05-22,1157,投信,買,A銘柄,90000
2025-05-24,1004,投信,買,B銘柄,70000
2025-04-28,1075,預金,売,G銘柄,62000
2025-04-23,1463,預金,売,G銘柄,8000
2025-05-09,1410,投信,売,C銘柄,91000
2025-04-30,1478,投信,買,E銘柄,70000
2025-03-19,1239,投信,売,E銘柄,42000
2025-03-14,1052,預金,買,H銘柄,1000
2025-03-30,1239,預金,売,F銘柄,38000
2025-04-17,1287,投信,売,A銘柄,89000
2025-05-01,1336,投信,売,B銘柄,81000
2025-05-23,1093,投信,買,B銘柄,38000
2025-05-17,1256,投信,買,E銘柄,61000
2025-05-08,1480,預金,売,G銘柄,41000
2025-04-14,1364,預金,売,H銘柄,86000
2025-04-26,1302,預金,売,H銘柄,26000
2025-05-25,1167,投信,売,B銘柄,12000
2025-05-06,1418,預金,売,H銘柄,42000
2025-05-16,1211,預金,売,F銘柄,88000
2025-03-08,1194,投信,買,E銘柄,83000
2025-04-08,1415,預金,買,F銘柄,71000
2025-03-08,1008,預金,買,F銘柄,37000
2025-04-29,1485,投信,買,E銘柄,60000
2025-03-17,1076,預金,売,G銘柄,89000
2025-05-25,1486,預金,売,G銘柄,60000
2025-05-11,1376,投信,売,A銘柄,41000
2025-05-23,1027,預金,売,H銘柄,80000
2025-05-07,1096,預金,買,H銘柄,29000
2025-03-28,1074,投信,売,C銘柄,41000
2025-03-27,1129,投信,売,E銘柄,38000
2025-03-09,1138,預金,売,G銘柄,56000
2025-03-26,1459,投信,買,A銘柄,90000
2025-03-19,1133,預金,売,G銘柄,12000
2025-05-17,1421,投信,売,C銘柄,40000
2025-03-11,1026,投信,買,B銘柄,49000
2025-04-14,1227,預金,買,F銘柄,76000
2025-03-23,1290,預金,売,G銘柄,44000
2025-04-26,1473,預金,売,F銘柄,23000
2025-05-28,1436,預金,買,H銘柄,73000
2025-04-29,1258,預金,買,H銘柄,33000
2025-03-05,1114,投信,買,E銘柄,92000
2025-04-22,1130,投信,売,A銘柄,7000
2025-04-19,1458,投信,売,D銘柄,33000
2025-03-03,1091,預金,売,F銘柄,67000
2025-03-17,1004,投信,買,E銘柄,79000
2025-03-03,1353,預金,売,F銘柄,12000
2025-04-24,1382,預金,売,H銘柄,27000
2025-04-07,1016,投信,買,B銘柄,5000
2025-05-04,1244,預金,買,F銘柄,2000
2025-04-10,1318,投信,買,B銘柄,97000
2025-05-10,1143,預金,買,G銘柄,79000
2025-04-18,1153,投信,買,A銘柄,7000
2025-04-03,1134,投信,買,E銘柄,62000
2025-05-08,1091,投信,売,D銘柄,67000
2025-03-29,1211,投信,買,A銘柄,71000
2025-03-05,1271,投信,買,C銘柄,19000
2025-05-25,1109,預金,売,F銘柄,28000
2025-03-04,1448,投信,売,B銘柄,51000
2025-04-18,1327,預金,買,F銘柄,94000
2025-04-23,1052,投信,売,D銘柄,52000
2025-04-14,1141,預金,買,G銘柄,36000
2025-04-18,1226,投信,買,E銘柄,13000
2025-04-26,1056,預金,買,G銘柄,73000
2025-05-05,1257,預金,買,G銘柄,43000
2025-04-11,1354,投信,買,C銘柄,32000
2025-04-29,1304,預金,買,H銘柄,65000
2025-03-18,1299,投信,売,B銘柄,100000
2025-05-05,1100,預金,買,F銘柄,40000
2025-05-15,1328,投信,買,B銘柄,80000
2025-05-03,1241,預金,売,H銘柄,31000
2025-03-21,1051,投信,売,B銘柄,41000
2025-05-16,1114,投信,売,E銘柄,86000
2025-05-25,1118,預金,買,F銘柄,66000
2025-05-14,1094,投信,売,C銘柄,2000
2025-05-29,1324,預金,買,H銘柄,35000
2025-05-29,1384,預金,売,H銘柄,15000
2025-05-15,1044,預金,買,G銘柄,24000
2025-05-05,1019,投信,売,A銘柄,33000
2025-05-18,1130,預金,売,G銘柄,17000
2025-03-22,1491,預金,売,F銘柄,7000
2025-04-29,1396,投信,買,C銘柄,8000
2025-04-16,1084,投信,売,E銘柄,15000
2025-04-28,1228,投信,買,A銘柄,79000
2025-04-26,1470,預金,売,F銘柄,44000
2025-04-18,1345,預金,売,F銘柄,19000
2025-03-13,1185,投信,売,C銘柄,5000
2025-03-15,1281,預金,売,G銘柄,91000
2025-04-27,1274,投信,売,E銘柄,11000
2025-03-29,1014,投信,売,B銘柄,19000
2025-03-01,1196,預金,売,H銘柄,65000
2025-05-28,1174,投信,売,A銘柄,65000
2025-03-08,1106,預金,売,G銘柄,26000
2025-03-29,1185,預金,売,H銘柄,50000
2025-05-06,1277,投信,買,E銘柄,66000
2025-03-25,1361,預金,買,H銘柄,54000
2025-04-25,1140,預金,売,H銘柄,53000
2025-04-19,1366,預金,売,F銘柄,4000
2025-03-26,1487,預金,買,H銘柄,58000
2025-03-02,1078,投信,売,B銘柄,36000
2025-05-13,1088,投信,買,E銘柄,80000
2025-03-29,1386,投信,買,D銘柄,14000
2025-05-04,1387,預金,売,G銘柄,99000
2025-03-28,1479,預金,買,H銘柄,73000
2025-04-17,1084,預金,売,H銘柄,50000
2025-03-11,1009,投信,売,C銘柄,88000
2025-05-11,1145,投信,買,B銘柄,24000
2025-03-02,1164,投信,売,B銘柄,48000
2025-03-07,1341,投信,売,C銘柄,86000
2025-03-14,1199,預金,買,F銘柄,76000
2025-05-24,1421,投信,売,C銘柄,39000
2025-04-29,1455,投信,売,C銘柄,76000
2025-05-04,1397,投信,売,C銘柄,44000
2025-05-23,1175,預金,売,G銘柄,43000
2025-04-20,1161,預金,買,H銘柄,18000
2025-03-28,1089,預金,売,G銘柄,6000
2025-05-21,1003,預金,買,G銘柄,96000
2025-03-24,1135,投信,買,D銘柄,20000
2025-05-22,1225,投信,売,B銘柄,62000
2025-05-21,1080,預金,買,H銘柄,92000
2025-05-29,1129,投信,売,C銘柄,36000
2025-05-12,1237,預金,売,F銘柄,40000
2025-04-20,1285,預金,買,H銘柄,46000
2025-03-05,1016,投信,買,C銘柄,30000
2025-03-22,1400,預金,売,F銘柄,78000
2025-03-25,1079,投信,買,C銘柄,26000
2025-03-29,1260,預金,買,G銘柄,77000
2025-04-30,1221,預金,売,G銘柄,69000
2025-03-21,1096,投信,買,B銘柄,44000
2025-03-25,1156,投信,買,D銘柄,29000
2025-03-08,1438,投信,買,E銘柄,90000
2025-05-24,1392,投信,売,C銘柄,44000
2025-04-21,1399,預金,買,G銘柄,72000
2025-05-23,1059,預金,買,G銘柄,6000
2025-03-20,1074,預金,売,F銘柄,21000
2025-04-12,1314,預金,売,G銘柄,70000
2025-05-23,1321,投信,売,D銘柄,30000
2025-04-22,1006,預金,売,F銘柄,72000
2025-03-01,1367,投信,買,C銘柄,83000
2025-03-02,1474,預金,売,G銘柄,56000
2025-04-19,1307,預金,売,H銘柄,90000
2025-03-12,1046,預金,売,G銘柄,8000
2025-03-01,1458,投信,売,C銘柄,3000
2025-04-27,1109,投信,買,E銘柄,27000
2025-05-18,1272,預金,買,G銘柄,23000
2025-04-29,1041,投信,買,B銘柄,14000
2025-04-29,1484,預金,買,G銘柄,34000
2025-04-06,1223,預金,売,F銘柄,7000
2025-03-03,1303,投信,売,E銘柄,71000
2025-05-05,1250,預金,買,H銘柄,27000
2025-04-26,1151,預金,売,F銘柄,69000
2025-03-28,1323,投信,買,A銘柄,37000
2025-05-21,1196,投信,買,A銘柄,65000
2025-04-11,1331,預金,買,G銘柄,36000
2025-03-07,1004,預金,売,F銘柄,18000
2025-03-13,1097,投信,買,D銘柄,57000
2025-05-27,1244,投信,買,B銘柄,6000
2025-03-07,1038,預金,売,F銘柄,35000
2025-03-16,1200,投信,買,C銘柄,66000
2025-04-03,1101,預金,売,F銘柄,17000
2025-04-14,1287,投信,買,C銘柄,76000
2025-03-14,1331,預金,買,H銘柄,18000
2025-03-26,1407,預金,売,G銘柄,96000
2025-04-17,1192,預金,売,G銘柄,4000
2025-04-17,1339,預金,売,F銘柄,44000
2025-05-06,1482,預金,買,F銘柄,12000
2025-04-20,1207,投信,買,C銘柄,93000
2025-05-11,1405,預金,買,H銘柄,32000
2025-04-19,1314,預金,買,G銘柄,68000
2025-04-19,1193,投信,買,B銘柄,61000
2025-05-02,1218,預金,売,H銘柄,75000
2025-05-20,1081,投信,買,A銘柄,86000
2025-04-11,1351,預金,買,G銘柄,14000
2025-04-13,1427,投信,売,E銘柄,26000
2025-03-31,1014,預金,買,H銘柄,75000
2025-04-04,1251,投信,売,E銘柄,88000
2025-05-27,1406,預金,売,F銘柄,17000
2025-03-20,1302,預金,売,G銘柄,64000
2025-05-19,1497,預金,買,G銘柄,72000
2025-03-04,1113,投信,売,D銘柄,47000
2025-03-10,1330,投信,売,C銘柄,13000
2025-04-30,1040,投信,売,C銘柄,91000
2025-03-01,1082,預金,買,H銘柄,21000
2025-05-14,1112,預金,買,F銘柄,16000
2025-03-18,1142,投信,買,A銘柄,46000
2025-04-09,1263,預金,買,G銘柄,25000
2025-03-01,1279,投信,買,A銘柄,81000
2025-03-08,1425,投信,売,D銘柄,24000
2025-03-31,1127,投信,売,E銘柄,1000
2025-03-20,1210,預金,売,G銘柄,46000
2025-03-20,1311,預金,売,G銘柄,16000
2025-05-03,1411,投信,買,B銘柄,83000
2025-05-17,1127,投信,買,A銘柄,58000
2025-05-02,1468,投信,買,C銘柄,3000
2025-04-30,1164,預金,売,H銘柄,47000
2025-05-26,1437,預金,買,F銘柄,43000
2025-05-13,1090,預金,売,F銘柄,51000
2025-05-15,1473,投信,売,D銘柄,85000
2025-05-23,1365,預金,買,G銘柄,95000
2025-05-11,1327,預金,売,F銘柄,70000
2025-04-22,1407,投信,売,C銘柄,80000
2025-03-23,1260,投信,買,E銘柄,100000
2025-04-05,1288,投信,買,C銘柄,11000
2025-04-20,1325,投信,売,B銘柄,39000
2025-03-03,1124,投信,買,C銘柄,73000
2025-03-19,1415,投信,売,D銘柄,51000
2025-04-16,1075,預金,買,F銘柄,5000
2025-05-09,1300,投信,売,B銘柄,88000
2025-03-01,1386,預金,買,H銘柄,90000
2025-03-21,1258,投信,売,B銘柄,30000
2025-03-08,1474,預金,売,G銘柄,94000
2025-05-15,1164,預金,買,F銘柄,35000
2025-04-15,1107,預金,買,H銘柄,42000
2025-05-14,1107,預金,買,H銘柄,81000
2025-04-13,1124,投信,売,E銘柄,43000
2025-03-17,1320,預金,買,H銘柄,63000
2025-03-03,1424,預金,買,H銘柄,76000
2025-05-29,1383,投信,売,A銘柄,4000
2025-05-14,1396,預金,買,G銘柄,20000
2025-04-02,1111,預金,売,G銘柄,84000
2025-04-24,1006,預金,買,G銘柄,69000
2025-04-23,1250,投信,買,B銘柄,72000
2025-03-15,1090,預金,売,F銘柄,21000
2025-04-13,1119,預金,買,H銘柄,76000
2025-05-18,1107,投信,買,E銘柄,73000
2025-05-22,1355,預金,売,G銘柄,71000
2025-05-05,1015,投信,買,A銘柄,95000
2025-03-31,1438,投信,買,C銘柄,31000
2025-05-01,1085,預金,買,F銘柄,4000
2025-04-15,1320,預金,買,G銘柄,28000
2025-03-06,1207,預金,売,H銘柄,63000
2025-05-04,1110,預金,買,F銘柄,88000
2025-05-01,1017,預金,買,F銘柄,52000
2025-05-31,1229,預金,売,G銘柄,56000
2025-03-28,1456,預金,売,F銘柄,98000
2025-04-07,1446,預金,買,H銘柄,3000
2025-05-20,1296,預金,売,H銘柄,79000
2025-03-11,1491,預金,買,G銘柄,59000
2025-04-01,1045,預金,売,G銘柄,90000
2025-05-02,1409,投信,売,D銘柄,81000
2025-04-03,1433,預金,買,F銘柄,6000
2025-03-03,1336,預金,買,F銘柄,55000
2025-05-20,1236,投信,買,C銘柄,41000
2025-04-11,1449,投信,売,A銘柄,47000
2025-05-20,1463,預金,買,F銘柄,42000
2025-05-09,1069,投信,買,A銘柄,73000
2025-04-01,1109,預金,売,H銘柄,19000
2025-04-17,1365,投信,売,E銘柄,35000
2025-03-27,1454,預金,買,H銘柄,83000
2025-05-02,1082,預金,売,H銘柄,10000
2025-03-16,1395,預金,売,G銘柄,25000
2025-05-08,1318,預金,買,H銘柄,26000
2025-04-27,1458,投信,買,C銘柄,76000
2025-05-08,1124,預金,買,G銘柄,75000
2025-05-19,1040,預金,売,F銘柄,89000
2025-03-18,1491,投信,買,D銘柄,28000
2025-04-20,1471,投信,買,D銘柄,25000
2025-04-10,1280,投信,買,A銘柄,43000
2025-04-14,1108,預金,買,H銘柄,72000
2025-04-23,1302,預金,売,G銘柄,58000
2025-05-13,1490,投信,買,B銘柄,22000
2025-04-29,1236,投信,売,B銘柄,50000
2025-04-27,1352,預金,買,G銘柄,2000
2025-03-16,1340,投信,売,C銘柄,39000
2025-04-25,1294,預金,売,F銘柄,31000
2025-04-12,1384,預金,買,G銘柄,99000
2025-03-31,1085,投信,買,D銘柄,9000
2025-05-13,1088,預金,売,H銘柄,50000
2025-05-14,1460,投信,買,E銘柄,67000
2025-03-02,1272,預金,買,H銘柄,20000
2025-04-09,1091,預金,買,H銘柄,81000
2025-03-30,1268,預金,買,H銘柄,30000
2025-04-29,1046,預金,買,H銘柄,21000
2025-05-27,1357,投信,売,E銘柄,10000
2025-04-01,1328,投信,買,C銘柄,77000
2025-05-21,1195,預金,買,G銘柄,0
2025-03-25,1205,預金,売,F銘柄,24000
2025-03-31,1269,預金,売,G銘柄,4000
2025-05-15,1207,投信,売,D銘柄,15000
2025-04-25,1274,投信,買,D銘柄,22000
2025-05-22,1110,投信,買,E銘柄,54000
2025-04-17,1365,預金,買,G銘柄,9000
2025-03-06,1428,投信,買,A銘柄,20000
2025-04-26,1185,預金,売,H銘柄,99000
2025-05-20,1018,投信,買,C銘柄,97000
2025-05-23,1381,投信,売,E銘柄,6000
2025-04-07,1193,預金,売,H銘柄,8000
2025-04-09,1303,預金,買,F銘柄,53000
2025-05-23,1066,預金,買,F銘柄,77000
2025-04-29,1111,預金,売,H銘柄,21000
2025-03-03,1148,預金,買,H銘柄,97000
2025-05-12,1185,投信,売,B銘柄,26000
2025-05-08,1334,投信,買,C銘柄,70000
2025-05-07,1322,投信,買,D銘柄,48000
2025-04-22,1035,預金,売,G銘柄,33000
2025-04-27,1212,預金,買,G銘柄,85000
2025-04-24,1035,投信,買,B銘柄,100000
2025-04-29,1270,預金,買,F銘柄,30000
2025-03-20,1143,投信,買,B銘柄,64000
2025-04-27,1332,投信,買,D銘柄,15000
2025-04-25,1307,預金,売,G銘柄,18000
2025-03-26,1424,預金,買,G銘柄,58000
2025-05-20,1485,預金,売,F銘柄,92000
2025-04-13,1224,投信,売,E銘柄,22000
2025-03-21,1017,投信,売,B銘柄,45000
2025-03-14,1469,投信,買,B銘柄,95000
2025-04-12,1069,預金,売,H銘柄,3000
2025-05-07,1416,投信,買,E銘柄,18000
2025-04-15,1089,投信,買,D銘柄,57000
2025-05-07,1434,預金,売,H銘柄,76000
2025-05-30,1364,投信,買,E銘柄,19000
2025-04-23,1290,預金,買,H銘柄,3000
2025-03-21,1266,投信,売,D銘柄,99000
2025-03-06,1120,預金,買,F銘柄,51000
2025-05-14,1203,投信,買,E銘柄,99000
2025-05-23,1250,預金,買,G銘柄,40000
2025-03-08,1222,預金,売,F銘柄,55000
2025-03-17,1420,投信,売,D銘柄,65000
2025-04-05,1460,投信,売,B銘柄,48000
2025-04-29,1217,投信,売,D銘柄,61000
2025-04-18,1153,預金,買,F銘柄,60000
2025-04-17,1209,投信,売,D銘柄,84000
2025-05-31,1461,投信,買,C銘柄,0
2025-03-08,1316,預金,買,F銘柄,9000
2025-04-01,1339,投信,売,B銘柄,35000
2025-03-29,1353,投信,買,B銘柄,85000
2025-04-08,1377,預金,売,G銘柄,77000
2025-03-11,1200,投信,売,A銘柄,68000
2025-03-02,1369,投信,買,C銘柄,99000
2025-05-11,1190,投信,買,D銘柄,20000
2025-03-28,1025,投信,買,E銘柄,3000
2025-03-12,1215,預金,売,G銘柄,78000
2025-04-17,1400,預金,売,G銘柄,25000
2025-03-01,1467,預金,買,F銘柄,70000
2025-05-12,1362,預金,売,G銘柄,81000
2025-03-05,1116,投信,買,E銘柄,39000
2025-04-26,1447,預金,売,H銘柄,20000
2025-04-30,1364,預金,買,G銘柄,82000
2025-03-03,1347,預金,買,F銘柄,27000
2025-03-08,1128,投信,買,A銘柄,23000
2025-03-05,1434,預金,買,F銘柄,3000
2025-05-17,1351,預金,買,G銘柄,1000
2025-03-03,1188,投信,売,E銘柄,68000
2025-04-29,1146,投信,買,C銘柄,75000
2025-04-13,1033,預金,買,G銘柄,98000
2025-05-05,1498,預金,買,G銘柄,8000
2025-05-19,1426,投信,売,C銘柄,58000
2025-04-30,1266,投信,買,A銘柄,90000
2025-05-17,1143,預金,売,F銘柄,28000
2025-03-28,1046,投信,買,B銘柄,21000
2025-04-05,1288,預金,買,H銘柄,46000
2025-05-27,1378,預金,買,G銘柄,66000
2025-05-07,1086,預金,売,H銘柄,66000
2025-05-03,1151,投信,買,E銘柄,6000
2025-03-08,1108,投信,売,C銘柄,38000
2025-04-20,1103,投信,買,D銘柄,8000
2025-04-26,1204,預金,買,G銘柄,61000
2025-03-13,1329,預金,買,F銘柄,36000
2025-05-28,1097,預金,売,G銘柄,83000
2025-05-30,1038,預金,売,H銘柄,87000
2025-05-09,1496,投信,売,D銘柄,90000
2025-04-16,1143,預金,売,H銘柄,41000
2025-05-06,1005,預金,買,G銘柄,45000
2025-05-21,1289,預金,売,F銘柄,38000
2025-03-16,1474,預金,売,G銘柄,23000
2025-03-03,1340,投信,売,A銘柄,88000
2025-04-10,1345,投信,売,B銘柄,15000
2025-05-19,1135,投信,売,A銘柄,1000
2025-05-10,1186,預金,買,H銘柄,57000
2025-04-22,1300,預金,売,F銘柄,92000
2025-03-26,1321,投信,買,A銘柄,75000
2025-04-15,1190,預金,買,G銘柄,6000
2025-04-16,1457,預金,売,H銘柄,40000
2025-03-08,1312,投信,買,C銘柄,0
2025-03-25,1031,預金,売,F銘柄,67000
2025-04-28,1088,預金,買,H銘柄,59000
2025-04-07,1399,預金,売,H銘柄,22000
2025-05-17,1123,預金,売,G銘柄,42000
2025-05-03,1484,預金,買,F銘柄,93000
2025-04-28,1453,投信,買,C銘柄,56000
2025-04-02,1138,預金,売,H銘柄,46000
2025-05-27,1156,預金,売,G銘柄,25000
2025-05-25,1046,投信,売,A銘柄,21000
2025-04-14,1309,預金,買,G銘柄,2000
2025-03-10,1258,預金,売,H銘柄,46000
2025-05-27,1211,預金,売,F銘柄,67000
2025-04-08,1200,投信,買,D銘柄,92000
2025-05-16,1415,投信,売,C銘柄,11000
2025-05-12,1229,投信,売,C銘柄,30000
2025-04-30,1411,投信,買,C銘柄,59000
2025-04-17,1124,預金,売,F銘柄,57000
2025-03-21,1285,投信,売,A銘柄,5000
2025-03-19,1457,投信,売,C銘柄,23000
2025-04-30,1412,投信,買,B銘柄,0
2025-04-16,1125,投信,買,E銘柄,94000
2025-04-17,1120,預金,売,F銘柄,67000
2025-04-22,1234,預金,売,G銘柄,26000
2025-03-01,1437,預金,買,H銘柄,91000
2025-04-09,1231,預金,買,F銘柄,53000
2025-03-31,1119,投信,買,D銘柄,46000
2025-05-21,1241,預金,買,G銘柄,1000
2025-03-04,1001,預金,買,G銘柄,12000
2025-05-14,1481,投信,買,D銘柄,73000
2025-05-03,1127,預金,買,F銘柄,97000
2025-03-12,1393,投信,売,E銘柄,9000
2025-04-22,1486,投信,売,C銘柄,51000
2025-03-31,1118,預金,売,G銘柄,46000
2025-04-04,1014,預金,売,F銘柄,66000
2025-03-26,1230,預金,売,H銘柄,23000
2025-03-18,1464,預金,買,G銘柄,80000
2025-04-06,1041,預金,売,H銘柄,69000
2025-04-26,1452,預金,買,F銘柄,30000
2025-03-28,1352,預金,買,F銘柄,99000
2025-04-21,1361,預金,売,F銘柄,30000
2025-03-31,1276,投信,売,E銘柄,32000
2025-04-14,1223,投信,買,C銘柄,81000
2025-04-14,1245,預金,買,H銘柄,16000
2025-03-21,1179,預金,買,F銘柄,77000
2025-04-25,1293,投信,買,E銘柄,98000
2025-05-19,1244,預金,売,G銘柄,9000
2025-04-24,1293,預金,売,G銘柄,100000
2025-04-19,1413,預金,買,G銘柄,100000
2025-05-13,1018,預金,売,G銘柄,57000
2025-05-14,1411,投信,売,C銘柄,4000
2025-03-12,1340,預金,買,H銘柄,87000
2025-05-07,1166,預金,買,G銘柄,48000
2025-04-24,1105,預金,買,F銘柄,95000
2025-04-18,1142,預金,買,H銘柄,65000
2025-04-22,1019,預金,売,H銘柄,67000
2025-05-06,1327,預金,売,F銘柄,69000
2025-03-30,1175,投信,売,B銘柄,56000
2025-04-29,1109,投信,買,D銘柄,29000
2025-04-26,1370,投信,売,C銘柄,97000
2025-05-17,1058,投信,買,D銘柄,77000
2025-05-10,1309,預金,売,F銘柄,27000
2025-05-11,1444,投信,買,A銘柄,72000
2025-04-10,1263,預金,売,G銘柄,2000
2025-04-14,1042,預金,買,H銘柄,72000
2025-05-04,1396,投信,買,A銘柄,69000
2025-05-13,1367,預金,買,G銘柄,48000
2025-05-22,1188,預金,買,G銘柄,23000
2025-03-04,1398,投信,買,A銘柄,45000
2025-03-15,1134,預金,買,F銘柄,0
2025-03-26,1161,投信,買,E銘柄,58000
2025-03-19,1030,投信,買,C銘柄,21000
2025-05-02,1091,投信,買,E銘柄,89000
2025-04-21,1198,投信,売,A銘柄,27000
2025-04-25,1260,預金,買,G銘柄,37000
2025-03-12,1090,投信,売,C銘柄,63000
2025-03-23,1018,投信,買,D銘柄,75000
2025-04-11,1029,預金,売,F銘柄,58000
2025-03-17,1382,投信,買,B銘柄,56000
2025-03-05,1028,預金,売,G銘柄,85000
2025-03-19,1033,投信,売,C銘柄,27000
2025-04-08,1407,預金,売,F銘柄,36000
2025-05-13,1417,投信,売,E銘柄,64000
2025-04-29,1037,預金,買,F銘柄,49000
2025-03-21,1379,投信,売,D銘柄,82000
2025-05-04,1055,預金,買,F銘柄,20000
2025-05-21,1300,預金,買,H銘柄,6000
2025-05-22,1276,投信,買,A銘柄,5000
2025-04-02,1480,投信,売,C銘柄,14000
2025-03-30,1163,投信,買,E銘柄,73000
2025-04-10,1317,投信,買,D銘柄,97000
2025-03-13,1096,預金,買,H銘柄,53000
2025-03-26,1275,投信,買,C銘柄,62000
2025-03-10,1321,投信,売,C銘柄,66000
2025-05-30,1179,預金,売,H銘柄,74000
2025-04-19,1028,預金,売,G銘柄,70000
2025-05-24,1064,投信,売,A銘柄,41000
2025-03-19,1274,投信,売,D銘柄,28000
2025-04-06,1409,預金,売,G銘柄,16000
2025-03-27,1191,預金,買,G銘柄,74000
2025-05-15,1130,投信,買,E銘柄,11000
2025-05-23,1218,投信,買,B銘柄,80000
2025-05-11,1291,投信,売,B銘柄,71000
2025-04-01,1082,預金,買,G銘柄,90000
2025-05-25,1423,預金,売,F銘柄,8000
2025-04-10,1062,預金,売,F銘柄,56000
2025-04-01,1209,預金,買,H銘柄,19000
2025-04-06,1473,投信,買,E銘柄,75000
2025-03-01,1381,投信,売,D銘柄,33000
2025-04-25,1199,投信,売,C銘柄,35000
2025-04-27,1393,投信,売,A銘柄,13000
2025-05-17,1274,預金,売,F銘柄,3000
2025-03-01,1083,投信,売,B銘柄,99000
2025-05-10,1102,預金,売,F銘柄,24000
2025-05-04,1412,預金,売,G銘柄,75000
2025-05-19,1253,預金,買,H銘柄,59000
2025-05-21,1161,投信,買,A銘柄,3000
2025-04-03,1195,預金,売,F銘柄,86000
2025-05-05,1402,投信,売,C銘柄,74000
2025-04-30,1226,投信,売,E銘柄,38000
2025-05-05,1402,預金,買,H銘柄,95000
2025-03-15,1360,預金,買,H銘柄,54000
2025-05-29,1465,投信,買,B銘柄,77000
2025-03-08,1480,投信,売,A銘柄,66000
2025-04-10,1002,投信,買,A銘柄,0
2025-04-04,1304,投信,売,E銘柄,14000
2025-04-12,1216,投信,売,D銘柄,21000
2025-05-10,1079,預金,買,F銘柄,62000
2025-05-28,1000,預金,買,F銘柄,50000
2025-03-31,1210,投信,売,B銘柄,16000
2025-05-16,1140,投信,売,E銘柄,90000
2025-03-04,1305,投信,売,E銘柄,81000
2025-03-26,1239,預金,売,G銘柄,13000
2025-05-02,1253,預金,売,F銘柄,96000
2025-03-05,1386,預金,買,F銘柄,21000
2025-04-13,1462,投信,売,A銘柄,34000
2025-03-25,1087,投信,売,B銘柄,37000
2025-03-18,1380,預金,買,H銘柄,37000
2025-04-18,1217,預金,売,F銘柄,0
2025-03-28,1109,預金,買,F銘柄,73000
2025-03-31,1171,預金,買,H銘柄,32000
2025-03-25,1430,投信,売,A銘柄,72000
2025-05-23,1172,預金,売,H銘柄,30000
2025-03-29,1013,投信,買,E銘柄,28000
2025-04-03,1244,投信,買,B銘柄,96000
2025-05-02,1059,預金,買,F銘柄,17000
2025-03-11,1196,投信,売,A銘柄,50000
2025-03-08,1309,投信,買,C銘柄,79000
2025-04-27,1322,投信,買,C銘柄,21000
2025-04-11,1462,預金,売,G銘柄,95000
2025-03-03,1459,預金,買,F銘柄,91000
2025-05-27,1174,預金,買,F銘柄,74000
2025-03-30,1086,預金,買,F銘柄,98000
2025-05-22,1010,預金,買,H銘柄,37000
2025-05-13,1210,投信,売,D銘柄,34000
2025-03-21,1281,投信,買,C銘柄,27000
2025-04-09,1024,預金,買,H銘柄,16000
2025-03-25,1022,投信,売,A銘柄,98000
2025-03-15,1355,投信,買,A銘柄,85000
2025-05-19,1482,預金,売,F銘柄,96000
2025-03-17,1232,預金,買,G銘柄,55000
2025-05-25,1166,投信,売,B銘柄,17000
2025-05-10,1255,預金,売,H銘柄,46000
2025-04-09,1498,預金,買,H銘柄,69000
2025-03-12,1353,投信,買,E銘柄,100000
2025-03-27,1295,投信,買,B銘柄,81000
2025-05-02,1043,投信,売,D銘柄,35000
2025-03-16,1031,預金,買,F銘柄,57000
2025-05-26,1244,投信,売,A銘柄,90000
2025-05-10,1354,投信,売,E銘柄,16000
2025-03-01,1027,投信,売,E銘柄,99000
2025-04-06,1035,投信,売,C銘柄,5000
2025-04-20,1134,投信,売,A銘柄,83000
2025-04-30,1499,預金,買,H銘柄,80000
2025-03-07,1453,預金,買,F銘柄,79000
2025-03-19,1014,預金,買,H銘柄,59000
2025-04-09,1474,預金,売,G銘柄,32000
2025-05-18,1354,投信,買,E銘柄,53000
2025-05-04,1128,預金,買,G銘柄,24000
2025-03-01,1271,預金,買,G銘柄,93000
2025-03-18,1151,預金,売,H銘柄,50000
2025-05-26,1016,預金,売,G銘柄,11000
2025-05-13,1414,預金,売,G銘柄,70000
2025-04-04,1419,投信,売,C銘柄,92000
2025-03-15,1238,預金,買,G銘柄,48000
2025-03-13,1192,投信,売,D銘柄,93000
2025-04-21,1108,預金,買,H銘柄,18000
2025-04-15,1361,投信,買,C銘柄,31000
2025-04-25,1271,預金,売,F銘柄,99000
2025-04-18,1345,投信,買,B銘柄,89000
2025-03-18,1430,預金,売,F銘柄,24000
2025-05-28,1246,預金,売,F銘柄,78000
2025-04-05,1258,投信,買,E銘柄,5000
2025-05-27,1096,預金,売,F銘柄,100000
2025-05-20,1060,投信,買,D銘柄,92000
2025-04-25,1361,投信,買,E銘柄,43000
2025-03-19,1008,投信,売,D銘柄,79000
2025-04-01,1144,預金,買,H銘柄,59000
2025-04-18,1347,預金,買,G銘柄,44000
2025-05-10,1143,投信,買,B銘柄,93000
2025-03-16,1263,投信,売,E銘柄,4000
2025-04-30,1201,投信,買,D銘柄,13000
2025-05-28,1324,投信,買,E銘柄,59000
2025-05-23,1233,投信,買,D銘柄,19000
2025-03-26,1254,投信,買,B銘柄,67000
2025-04-04,1265,投信,売,A銘柄,68000
2025-03-27,1228,投信,買,A銘柄,40000
2025-04-09,1321,預金,買,H銘柄,81000
2025-05-27,1460,預金,売,G銘柄,92000
2025-05-06,1057,預金,買,H銘柄,45000
2025-05-07,1268,預金,売,H銘柄,2000
2025-05-02,1446,預金,売,G銘柄,45000
2025-05-14,1213,預金,買,G銘柄,47000
2025-04-26,1461,投信,買,D銘柄,56000
2025-03-21,1137,預金,買,G銘柄,91000
2025-03-07,1291,預金,買,F銘柄,72000
2025-05-14,1220,預金,買,G銘柄,87000
2025-03-21,1144,投信,買,B銘柄,46000
2025-05-17,1008,投信,買,B銘柄,59000
2025-03-28,1273,投信,買,E銘柄,33000
2025-05-05,1445,預金,売,H銘柄,1000
2025-04-01,1317,投信,買,C銘柄,77000
2025-04-18,1406,投信,売,A銘柄,51000
2025-04-11,1349,預金,売,G銘柄,13000
2025-04-17,1052,投信,買,D銘柄,80000
2025-05-20,1365,投信,売,E銘柄,61000
2025-04-21,1372,投信,売,D銘柄,37000
2025-03-16,1200,投信,買,E銘柄,95000
2025-05-16,1370,預金,売,G銘柄,97000
2025-03-22,1300,預金,買,H銘柄,32000
2025-05-05,1135,預金,売,H銘柄,93000
2025-04-14,1458,預金,売,H銘柄,31000
2025-05-21,1301,投信,買,D銘柄,46000
2025-04-27,1055,預金,買,G銘柄,24000
2025-04-14,1351,投信,買,C銘柄,29000
2025-04-16,1339,投信,売,D銘柄,94000
2025-04-05,1289,預金,買,F銘柄,87000
2025-05-09,1104,投信,買,D銘柄,55000
2025-04-17,1040,投信,売,D銘柄,27000
2025-04-30,1274,預金,売,G銘柄,6000
2025-04-10,1226,投信,買,A銘柄,96000
2025-03-31,1460,投信,買,E銘柄,81000
2025-04-13,1024,預金,売,F銘柄,53000
2025-05-10,1423,預金,売,F銘柄,6000
2025-04-16,1337,投信,買,D銘柄,62000
2025-05-12,1013,投信,買,A銘柄,25000
2025-04-12,1037,投信,売,B銘柄,81000
2025-04-21,1110,投信,売,A銘柄,62000
2025-03-12,1474,預金,買,G銘柄,34000
2025-03-13,1178,預金,売,H銘柄,23000
2025-04-27,1017,預金,売,H銘柄,54000
2025-05-22,1253,投信,売,D銘柄,100000
2025-04-02,1310,投信,買,C銘柄,92000
2025-04-04,1028,預金,売,F銘柄,61000
2025-03-19,1363,投信,買,B銘柄,53000
2025-05-31,1091,投信,買,D銘柄,94000
2025-03-14,1437,預金,買,G銘柄,93000
2025-05-05,1122,投信,売,D銘柄,15000
2025-05-05,1496,投信,売,A銘柄,12000
2025-04-01,1320,投信,買,A銘柄,0
2025-05-03,1476,預金,買,G銘柄,54000
2025-05-09,1186,預金,売,F銘柄,67000
2025-03-07,1406,投信,売,E銘柄,96000
2025-05-08,1007,預金,買,H銘柄,20000
2025-03-22,1319,投信,買,D銘柄,74000
2025-05-02,1288,預金,売,H銘柄,78000
2025-03-12,1462,預金,売,F銘柄,29000
2025-03-30,1495,預金,買,H銘柄,18000
2025-03-26,1454,預金,買,G銘柄,97000
2025-03-06,1394,預金,売,G銘柄,54000
2025-05-03,1139,預金,売,H銘柄,9000
2025-03-18,1310,預金,売,G銘柄,72000
2025-04-15,1455,投信,買,C銘柄,43000
2025-04-16,1119,預金,買,F銘柄,32000
2025-04-21,1362,預金,売,G銘柄,19000
2025-05-29,1361,預金,買,H銘柄,14000
2025-03-07,1467,預金,売,F銘柄,80000
2025-03-14,1031,預金,売,H銘柄,65000
2025-05-20,1488,投信,売,A銘柄,86000
2025-04-28,1485,預金,売,H銘柄,66000
2025-05-24,1043,投信,売,D銘柄,83000
2025-03-08,1440,預金,買,G銘柄,1000
2025-03-20,1141,預金,買,F銘柄,14000
2025-03-12,1377,預金,買,H銘柄,81000
2025-04-24,1339,投信,買,A銘柄,47000
2025-03-23,1450,預金,買,F銘柄,77000
2025-04-09,1272,投信,買,A銘柄,17000
2025-03-24,1019,投信,買,E銘柄,15000
2025-03-27,1022,投信,売,B銘柄,58000
2025-05-27,1215,預金,買,G銘柄,30000
2025-03-10,1295,預金,売,F銘柄,1000
2025-05-05,1138,投信,買,D銘柄,59000
2025-05-25,1125,預金,売,H銘柄,6000
2025-05-03,1161,預金,買,G銘柄,46000
2025-04-29,1230,投信,売,B銘柄,6000
2025-03-04,1037,投信,売,C銘柄,72000
2025-04-29,1370,預金,売,F銘柄,17000
2025-05-19,1108,預金,買,H銘柄,23000
2025-05-04,1448,投信,買,A銘柄,8000
2025-05-18,1384,預金,売,G銘柄,99000
2025-03-01,1317,預金,買,G銘柄,60000
2025-04-22,1278,預金,売,G銘柄,10000
2025-05-11,1126,投信,売,B銘柄,9000
2025-05-01,1293,預金,売,G銘柄,34000
2025-04-19,1112,預金,買,G銘柄,63000
2025-03-24,1063,投信,売,B銘柄,57000
2025-04-11,1318,投信,買,C銘柄,21000
2025-05-25,1391,投信,買,D銘柄,1000
2025-03-15,1193,預金,買,F銘柄,38000
2025-04-04,1070,投信,買,E銘柄,68000
2025-05-16,1274,投信,買,E銘柄,64000
2025-05-31,1161,投信,買,B銘柄,51000
2025-04-10,1495,投信,売,A銘柄,21000
2025-05-23,1315,預金,売,F銘柄,40000
2025-04-30,1353,投信,売,B銘柄,79000
2025-03-04,1192,投信,売,C銘柄,70000
2025-03-30,1059,預金,買,H銘柄,91000
2025-04-21,1206,投信,売,D銘柄,73000
2025-04-10,1377,投信,売,B銘柄,23000
2025-03-18,1144,投信,買,D銘柄,12000
2025-03-28,1096,投信,買,B銘柄,1000
2025-03-12,1290,投信,買,A銘柄,53000
2025-03-16,1274,預金,売,F銘柄,79000
2025-04-18,1090,預金,買,G銘柄,32000
2025-04-18,1090,預金,買,G銘柄,12000
2025-05-23,1253,投信,買,B銘柄,75000
2025-04-22,1056,投信,買,D銘柄,13000
2025-03-15,1437,投信,売,D銘柄,78000
2025-04-24,1332,投信,売,E銘柄,2000
2025-03-12,1177,預金,買,G銘柄,92000
2025-03-31,1021,投信,売,E銘柄,78000
2025-05-24,1472,投信,売,E銘柄,23000
2025-05-19,1360,預金,売,F銘柄,21000
2025-03-25,1345,投信,買,A銘柄,12000
2025-05-04,1117,投信,売,D銘柄,71000
2025-05-13,1229,投信,売,E銘柄,39000
2025-04-21,1427,預金,買,H銘柄,79000
2025-05-26,1493,預金,買,G銘柄,32000
2025-04-30,1409,投信,買,B銘柄,2000
2025-03-12,1450,投信,買,E銘柄,77000
2025-04-02,1439,預金,買,H銘柄,90000
2025-05-01,1149,投信,売,D銘柄,40000
2025-04-23,1318,投信,買,A銘柄,58000
2025-05-28,1317,投信,売,C銘柄,82000
2025-05-08,1239,投信,買,E銘柄,91000
2025-04-14,1439,預金,買,G銘柄,34000
2025-05-05,1105,投信,買,D銘柄,79000
2025-04-13,1249,投信,買,E銘柄,18000
2025-05-30,1459,預金,売,F銘柄,40000
2025-04-29,1234,投信,買,D銘柄,42000
2025-04-03,1237,預金,買,H銘柄,19000
2025-04-29,1413,預金,売,F銘柄,90000
2025-04-08,1060,預金,売,G銘柄,82000
2025-05-26,1335,預金,売,H銘柄,68000
2025-03-15,1016,投信,売,A銘柄,96000
2025-05-01,1265,預金,買,H銘柄,24000
2025-03-13,1390,投信,買,C銘柄,44000
2025-04-22,1496,投信,買,A銘柄,27000
2025-05-18,1456,預金,買,H銘柄,19000
2025-05-07,1010,投信,売,E銘柄,85000
2025-04-28,1031,預金,買,H銘柄,34000
2025-05-08,1354,預金,売,G銘柄,1000
2025-04-01,1337,預金,売,G銘柄,51000
2025-04-30,1468,投信,売,B銘柄,10000
2025-05-25,1332,投信,売,A銘柄,100000
2025-03-12,1116,預金,買,H銘柄,43000
2025-05-28,1441,預金,買,H銘柄,22000
2025-05-17,1389,預金,売,G銘柄,64000
2025-04-13,1270,預金,買,G銘柄,50000
2025-03-13,1043,預金,買,H銘柄,24000
2025-05-11,1121,投信,売,A銘柄,19000
2025-03-16,1040,預金,売,H銘柄,98000
2025-05-09,1016,投信,買,B銘柄,29000
2025-03-31,1298,預金,買,G銘柄,17000
2025-03-10,1193,預金,売,H銘柄,10000
2025-03-27,1388,投信,売,B銘柄,78000
2025-05-07,1069,投信,売,C銘柄,58000
2025-04-13,1437,預金,売,H銘柄,66000
2025-04-16,1008,投信,買,A銘柄,47000
2025-04-29,1454,投信,買,C銘柄,26000
2025-05-02,1444,投信,売,A銘柄,29000
2025-04-14,1027,預金,買,F銘柄,5000
2025-04-01,1483,投信,売,E銘柄,2000
2025-03-28,1047,投信,買,B銘柄,77000
2025-05-12,1006,投信,売,D銘柄,33000
2025-05-28,1079,投信,売,B銘柄,100000
2025-04-30,1342,預金,買,F銘柄,23000
2025-05-23,1067,預金,売,G銘柄,16000
2025-04-10,1246,投信,売,B銘柄,21000
2025-05-13,1147,投信,売,E銘柄,31000
2025-03-24,1465,預金,売,G銘柄,74000
2025-04-26,1010,投信,買,E銘柄,65000
2025-03-20,1319,投信,売,C銘柄,0
2025-03-24,1499,投信,売,D銘柄,49000
2025-04-21,1247,投信,買,A銘柄,63000
2025-05-23,1455,投信,売,A銘柄,28000
2025-05-13,1201,投信,買,A銘柄,30000
2025-04-21,1178,預金,売,G銘柄,23000
2025-05-06,1349,預金,売,H銘柄,69000
2025-04-09,1078,預金,売,H銘柄,48000
2025-05-30,1402,投信,売,E銘柄,44000
2025-04-15,1289,預金,買,F銘柄,74000
2025-03-25,1124,投信,買,E銘柄,91000
2025-05-21,1042,預金,買,F銘柄,13000
2025-04-06,1333,投信,売,C銘柄,44000
2025-05-04,1486,投信,売,D銘柄,37000
2025-05-30,1162,投信,売,C銘柄,66000
2025-05-28,1156,投信,売,D銘柄,39000
2025-03-15,1248,投信,売,D銘柄,34000
2025-03-05,1413,預金,売,F銘柄,65000
2025-05-10,1191,預金,買,G銘柄,62000
2025-03-26,1301,投信,売,A銘柄,10000
2025-03-21,1368,投信,買,E銘柄,58000
2025-04-06,1260,預金,買,H銘柄,41000
2025-04-22,1247,投信,買,A銘柄,80000
2025-03-09,1109,預金,売,H銘柄,99000
2025-05-26,1005,投信,売,D銘柄,14000
2025-04-08,1460,投信,売,D銘柄,36000
2025-05-24,1356,投信,買,A銘柄,17000
2025-05-08,1209,預金,売,F銘柄,96000
2025-04-07,1010,預金,売,G銘柄,4000
2025-04-08,1027,預金,売,G銘柄,83000
2025-05-03,1227,投信,買,E銘柄,95000
2025-05-25,1472,投信,売,D銘柄,49000
2025-04-22,1012,預金,買,H銘柄,3000
2025-03-22,1424,預金,売,H銘柄,41000
2025-04-17,1221,預金,買,F銘柄,7000
2025-03-26,1267,預金,買,H銘柄,27000
2025-03-19,1382,預金,売,F銘柄,38000
2025-05-07,1154,預金,売,F銘柄,30000
2025-03-19,1255,投信,売,B銘柄,13000
2025-04-02,1438,投信,売,E銘柄,23000
2025-04-27,1359,投信,買,B銘柄,72000
2025-04-11,1042,預金,売,G銘柄,55000
2025-05-11,1484,預金,買,G銘柄,86000
2025-03-11,1238,投信,買,D銘柄,84000
2025-03-10,1312,預金,買,G銘柄,86000
2025-04-08,1386,預金,買,G銘柄,70000
2025-05-25,1155,投信,買,B銘柄,55000
2025-03-22,1364,投信,買,E銘柄,91000
2025-03-29,1003,預金,買,F銘柄,76000
2025-03-14,1018,預金,売,F銘柄,80000
2025-04-26,1483,投信,買,D銘柄,2000
2025-05-23,1236,預金,買,F銘柄,52000
2025-03-06,1394,投信,買,A銘柄,79000
2025-05-15,1074,預金,買,F銘柄,23000
2025-04-26,1392,投信,売,B銘柄,28000
2025-04-04,1196,投信,売,A銘柄,23000
2025-04-23,1410,預金,売,G銘柄,71000
2025-05-17,1302,投信,売,A銘柄,30000
2025-05-26,1075,投信,売,B銘柄,100000
2025-03-31,1164,預金,売,G銘柄,58000
2025-03-28,1074,投信,買,A銘柄,97000
2025-03-02,1435,投信,買,C銘柄,83000
2025-04-19,1279,預金,買,H銘柄,9000
2025-04-22,1260,預金,買,F銘柄,73000
2025-04-17,1465,投信,売,D銘柄,73000
2025-05-02,1056,預金,売,H銘柄,3000
2025-04-10,1199,預金,買,F銘柄,27000
2025-05-09,1470,投信,買,A銘柄,9000
2025-03-29,1056,投信,買,E銘柄,37000
2025-05-10,1434,投信,買,B銘柄,39000
2025-05-10,1306,投信,売,A銘柄,100000
2025-03-06,1372,預金,買,H銘柄,23000
2025-04-03,1406,預金,買,G銘柄,15000
2025-04-01,1282,投信,売,A銘柄,56000
2025-03-03,1235,預金,売,F銘柄,22000
2025-04-09,1226,投信,売,A銘柄,29000
2025-04-13,1202,投信,売,B銘柄,62000
2025-05-15,1091,投信,買,E銘柄,48000
2025-04-18,1160,投信,売,E銘柄,78000
2025-05-27,1063,投信,売,A銘柄,89000
2025-04-09,1384,預金,売,G銘柄,85000
2025-03-15,1491,預金,売,H銘柄,86000
2025-04-11,1466,預金,売,H銘柄,85000
2025-04-15,1443,投信,買,D銘柄,37000
2025-03-30,1477,投信,買,D銘柄,38000
2025-03-27,1144,投信,買,C銘柄,60000
2025-03-25,1249,預金,売,F銘柄,51000
2025-03-26,1468,預金,売,H銘柄,44000
2025-05-07,1411,預金,売,H銘柄,24000
2025-03-12,1390,投信,買,C銘柄,94000
2025-04-27,1426,投信,売,E銘柄,62000
2025-05-21,1056,投信,売,E銘柄,34000
2025-04-11,1142,預金,売,G銘柄,2000
2025-05-29,1002,預金,売,F銘柄,22000
2025-05-11,1366,投信,売,D銘柄,78000
2025-03-31,1198,預金,売,G銘柄,80000
2025-04-03,1075,預金,売,G銘柄,26000
2025-03-15,1492,投信,買,C銘柄,34000
2025-04-03,1435,投信,買,B銘柄,34000
2025-03-14,1068,投信,売,A銘柄,92000
2025-05-18,1326,投信,買,B銘柄,25000
2025-05-04,1255,投信,買,D銘柄,34000
2025-04-05,1203,預金,買,G銘柄,34000
2025-04-28,1356,投信,買,E銘柄,26000
2025-03-08,1009,投信,買,B銘柄,89000
2025-03-12,1212,投信,売,D銘柄,69000
2025-04-02,1165,投信,売,B銘柄,65000
2025-04-29,1257,預金,売,F銘柄,53000
2025-03-01,1290,預金,売,H銘柄,51000
2025-05-20,1466,預金,売,G銘柄,40000
2025-05-18,1336,預金,買,F銘柄,38000
2025-04-17,1432,投信,売,B銘柄,61000
2025-03-28,1109,投信,買,A銘柄,35000
2025-05-06,1335,投信,買,D銘柄,58000
2025-05-24,1411,投信,売,D銘柄,58000
2025-04-19,1270,預金,買,H銘柄,98000
2025-03-17,1166,投信,買,C銘柄,82000
2025-04-15,1332,預金,買,G銘柄,19000
2025-05-28,1418,預金,売,G銘柄,85000
2025-04-18,1168,投信,売,D銘柄,1000
2025-03-01,1277,預金,売,H銘柄,100000
2025-04-08,1173,投信,売,C銘柄,78000
2025-04-07,1013,預金,売,H銘柄,87000
2025-04-27,1010,預金,売,H銘柄,28000
2025-05-28,1169,預金,売,H銘柄,50000
2025-03-06,1022,預金,売,G銘柄,79000
2025-04-20,1059,投信,売,A銘柄,100000
2025-05-07,1315,預金,買,F銘柄,52000
2025-05-03,1021,預金,売,F銘柄,55000
2025-05-13,1032,投信,売,D銘柄,67000
2025-04-24,1294,預金,買,G銘柄,30000
2025-05-29,1072,預金,買,G銘柄,18000
2025-05-02,1493,預金,売,G銘柄,21000
2025-04-08,1210,預金,買,H銘柄,33000
2025-05-09,1374,投信,売,A銘柄,72000
2025-03-29,1246,投信,買,D銘柄,81000
2025-05-12,1371,預金,買,F銘柄,9000
2025-05-26,1484,投信,買,E銘柄,7000
2025-04-07,1282,投信,買,D銘柄,36000
2025-04-13,1171,預金,売,H銘柄,46000
2025-04-03,1344,預金,買,G銘柄,59000
2025-05-16,1475,預金,買,G銘柄,22000
2025-03-02,1425,預金,買,G銘柄,98000
2025-03-20,1240,投信,買,B銘柄,63000
2025-05-05,1364,投信,買,D銘柄,66000
2025-04-08,1354,預金,売,G銘柄,62000
2025-05-05,1087,預金,買,G銘柄,72000
2025-05-28,1318,預金,売,G銘柄,2000
2025-05-16,1362,投信,買,E銘柄,55000
2025-04-08,1369,投信,買,E銘柄,11000
2025-05-26,1439,預金,売,H銘柄,72000
2025-04-02,1377,預金,売,F銘柄,92000
2025-03-24,1143,預金,買,F銘柄,85000
2025-04-17,1470,投信,売,D銘柄,55000
2025-04-24,1068,預金,買,F銘柄,12000
2025-05-07,1178,預金,買,G銘柄,56000
2025-04-17,1068,投信,売,E銘柄,45000
2025-03-24,1156,預金,買,H銘柄,17000
2025-05-30,1120,預金,買,H銘柄,57000
2025-05-16,1121,投信,売,E銘柄,82000
2025-04-20,1478,預金,買,G銘柄,14000
2025-05-16,1415,預金,売,F銘柄,45000
2025-03-15,1494,預金,買,F銘柄,18000
2025-03-26,1222,預金,売,F銘柄,78000
2025-04-07,1026,預金,買,F銘柄,94000
2025-04-27,1427,投信,売,D銘柄,75000
2025-04-14,1416,投信,買,C銘柄,72000
2025-04-13,1018,預金,売,F銘柄,99000
2025-03-15,1221,預金,買,H銘柄,92000
2025-03-07,1181,預金,売,H銘柄,7000
2025-04-23,1382,投信,買,B銘柄,87000
2025-04-01,1259,投信,買,B銘柄,8000
2025-04-09,1041,投信,買,A銘柄,41000
2025-05-12,1430,預金,売,G銘柄,36000
2025-03-19,1305,投信,売,A銘柄,91000
2025-03-31,1291,預金,買,G銘柄,30000
2025-04-23,1457,投信,売,D銘柄,50000
2025-05-17,1086,投信,買,D銘柄,4000
2025-05-23,1240,投信,買,A銘柄,84000
2025-05-20,1352,預金,買,H銘柄,79000
2025-04-19,1017,預金,売,G銘柄,94000
2025-04-10,1448,預金,売,H銘柄,82000
2025-03-22,1427,預金,売,H銘柄,44000
2025-04-26,1163,預金,売,G銘柄,42000
2025-03-10,1028,預金,買,F銘柄,25000
2025-04-02,1003,預金,買,H銘柄,43000
2025-04-13,1367,預金,買,H銘柄,13000
2025-03-17,1244,預金,買,G銘柄,75000
2025-04-01,1162,投信,買,C銘柄,47000
2025-03-15,1339,投信,買,D銘柄,9000
2025-04-17,1308,投信,売,C銘柄,17000
2025-04-06,1397,投信,買,C銘柄,22000
2025-04-05,1104,預金,買,H銘柄,86000
2025-03-28,1203,預金,売,H銘柄,41000
2025-05-11,1180,預金,買,G銘柄,91000
2025-03-21,1446,預金,買,F銘柄,42000
2025-05-28,1179,預金,買,G銘柄,54000
2025-03-20,1027,投信,売,D銘柄,3000
2025-03-20,1382,投信,売,A銘柄,63000
2025-05-14,1241,預金,売,F銘柄,41000
2025-04-18,1267,投信,売,E銘柄,79000
2025-05-29,1170,投信,買,A銘柄,25000
2025-05-27,1152,投信,売,D銘柄,23000
2025-03-06,1040,預金,買,H銘柄,43000
2025-05-27,1321,預金,売,F銘柄,45000
2025-05-09,1410,預金,売,G銘柄,49000
2025-03-18,1263,預金,買,F銘柄,42000
2025-03-07,1179,投信,買,C銘柄,32000
2025-03-20,1289,投信,売,C銘柄,56000
2025-03-21,1076,預金,買,G銘柄,58000
2025-03-25,1092,預金,買,F銘柄,65000
2025-03-23,1392,投信,買,A銘柄,28000
2025-04-29,1480,預金,売,H銘柄,34000
2025-05-06,1157,預金,売,H銘柄,8000
2025-04-04,1071,投信,売,A銘柄,25000
2025-05-25,1162,預金,売,F銘柄,3000
2025-05-07,1480,投信,売,B銘柄,3000
2025-04-23,1232,預金,売,F銘柄,49000
2025-04-20,1240,預金,売,G銘柄,28000
2025-03-12,1250,預金,売,F銘柄,55000
2025-03-09,1302,投信,売,C銘柄,38000
2025-05-26,1482,投信,売,E銘柄,36000
2025-05-05,1035,投信,買,B銘柄,23000
2025-04-08,1192,投信,買,E銘柄,56000
2025-03-25,1024,預金,売,G銘柄,42000
2025-03-21,1316,投信,買,A銘柄,3000
2025-03-24,1475,預金,買,G銘柄,66000
2025-05-03,1452,預金,買,H銘柄,18000
2025-04-28,1033,預金,売,F銘柄,53000
2025-03-13,1295,投信,売,B銘柄,83000
2025-03-04,1250,預金,売,G銘柄,35000
2025-04-14,1438,預金,買,H銘柄,6000
2025-05-20,1030,預金,買,G銘柄,92000
2025-03-14,1186,投信,買,E銘柄,67000
2025-04-28,1384,投信,売,C銘柄,52000
2025-05-03,1156,投信,売,E銘柄,87000
2025-04-13,1113,投信,買,C銘柄,28000
2025-04-04,1054,投信,買,D銘柄,99000
2025-03-03,1065,投信,売,E銘柄,49000
2025-05-20,1205,預金,買,H銘柄,46000
2025-04-30,1376,投信,買,E銘柄,76000
2025-04-21,1347,預金,売,G銘柄,71000
2025-03-10,1409,投信,売,D銘柄,31000
2025-03-26,1264,投信,買,D銘柄,89000
2025-05-10,1180,預金,売,H銘柄,69000
2025-03-26,1053,投信,買,D銘柄,58000
2025-04-11,1428,預金,売,F銘柄,32000
2025-03-13,1229,投信,買,B銘柄,99000
2025-03-05,1451,預金,売,G銘柄,3000
2025-05-04,1160,預金,売,H銘柄,6000
2025-03-14,1063,預金,買,H銘柄,28000
2025-05-07,1411,投信,買,C銘柄,34000
2025-04-02,1463,投信,売,C銘柄,21000
2025-03-24,1371,預金,買,H銘柄,67000
2025-04-12,1057,預金,買,F銘柄,96000
2025-03-02,1118,預金,買,F銘柄,1000
2025-03-27,1109,投信,売,C銘柄,34000
2025-04-02,1482,投信,買,D銘柄,51000
2025-05-18,1329,預金,売,G銘柄,66000
2025-03-28,1250,投信,売,A銘柄,61000
2025-03-20,1195,預金,売,H銘柄,20000
2025-05-06,1339,投信,買,D銘柄,81000
2025-04-01,1212,投信,売,B銘柄,83000
2025-05-17,1241,預金,売,H銘柄,36000
2025-03-26,1434,投信,売,B銘柄,11000
2025-05-12,1294,投信,買,A銘柄,51000
2025-03-30,1202,預金,売,F銘柄,0
2025-03-25,1493,投信,買,E銘柄,66000
2025-03-04,1265,預金,買,G銘柄,54000
2025-04-06,1093,投信,売,A銘柄,55000
2025-05-15,1412,預金,売,H銘柄,47000
2025-04-22,1360,投信,売,D銘柄,53000
2025-04-22,1180,投信,売,E銘柄,80000
2025-04-28,1429,投信,売,D銘柄,11000
2025-03-07,1289,投信,売,A銘柄,67000
2025-03-23,1440,投信,買,C銘柄,5000
2025-04-27,1065,預金,買,H銘柄,85000
2025-03-22,1361,投信,売,D銘柄,20000
2025-05-19,1309,投信,買,D銘柄,21000
2025-05-14,1409,投信,買,E銘柄,57000
2025-03-17,1101,投信,売,B銘柄,68000
2025-05-03,1111,投信,売,B銘柄,17000
2025-04-16,1490,預金,売,H銘柄,44000
2025-03-29,1235,預金,買,G銘柄,21000
2025-05-06,1151,預金,買,G銘柄,90000
2025-04-24,1228,預金,買,F銘柄,99000
2025-05-16,1070,預金,売,H銘柄,37000
2025-04-09,1045,預金,買,F銘柄,52000
2025-05-07,1275,投信,買,A銘柄,23000
2025-05-19,1217,預金,買,F銘柄,44000
2025-03-16,1130,投信,売,A銘柄,7000
2025-03-31,1355,投信,買,E銘柄,84000
2025-04-15,1311,預金,売,H銘柄,59000
2025-03-30,1082,投信,買,B銘柄,9000
2025-04-30,1394,預金,売,F銘柄,15000
2025-05-21,1060,預金,買,H銘柄,58000
2025-04-02,1143,投信,売,B銘柄,94000
2025-03-06,1408,預金,売,G銘柄,4000
2025-04-02,1360,預金,売,F銘柄,21000
2025-04-12,1260,投信,売,C銘柄,92000
2025-03-28,1167,投信,買,A銘柄,63000
2025-05-12,1304,投信,買,B銘柄,93000
2025-04-25,1357,預金,売,H銘柄,2000
2025-05-11,1250,投信,買,B銘柄,13000
2025-04-12,1434,投信,買,A銘柄,77000
2025-04-08,1180,投信,買,A銘柄,63000
2025-04-27,1147,預金,売,H銘柄,39000
2025-04-14,1064,預金,買,F銘柄,35000
2025-04-28,1441,預金,買,G銘柄,9000
2025-04-28,1275,投信,買,B銘柄,25000
2025-03-23,1400,預金,買,F銘柄,100000
2025-03-13,1055,投信,売,C銘柄,4000
2025-03-11,1278,預金,売,H銘柄,81000
2025-05-31,1149,投信,買,D銘柄,17000
2025-03-09,1174,投信,売,A銘柄,83000
2025-05-28,1142,預金,売,H銘柄,63000
2025-05-09,1255,預金,売,F銘柄,65000
2025-04-14,1036,預金,売,H銘柄,29000
2025-05-31,1331,預金,売,F銘柄,88000
2025-04-02,1366,預金,買,G銘柄,35000
2025-05-27,1430,預金,買,F銘柄,40000
2025-05-29,1312,投信,売,B銘柄,24000
2025-03-18,1303,預金,買,H銘柄,36000
2025-04-21,1287,投信,買,B銘柄,47000
2025-03-31,1205,投信,売,B銘柄,8000
2025-04-23,1214,預金,買,H銘柄,91000
2025-04-13,1246,投信,買,A銘柄,25000
2025-04-11,1405,預金,売,G銘柄,0
2025-05-19,1322,預金,売,G銘柄,62000
2025-03-11,1292,投信,買,C銘柄,77000
2025-05-20,1017,預金,売,F銘柄,46000
2025-05-14,1398,投信,売,E銘柄,22000
2025-05-18,1059,投信,売,B銘柄,63000
2025-03-07,1187,投信,売,D銘柄,31000
2025-04-02,1397,預金,買,G銘柄,95000
2025-05-17,1258,預金,買,H銘柄,91000
2025-05-14,1455,投信,売,D銘柄,47000
2025-03-16,1412,預金,買,F銘柄,31000
2025-05-08,1353,預金,買,F銘柄,69000
2025-04-24,1004,投信,買,E銘柄,40000
2025-03-02,1204,投信,買,E銘柄,49000
2025-05-20,1214,投信,売,A銘柄,46000
2025-05-07,1199,投信,売,A銘柄,88000
2025-05-21,1221,投信,売,B銘柄,27000
2025-03-05,1042,預金,買,H銘柄,41000
2025-03-05,1394,投信,売,C銘柄,42000
2025-04-24,1356,投信,売,E銘柄,15000
2025-05-05,1414,投信,買,A銘柄,1000
2025-05-02,1328,預金,買,G銘柄,74000
2025-05-16,1256,投信,買,D銘柄,94000
2025-03-10,1014,投信,売,D銘柄,17000
2025-03-07,1287,預金,買,F銘柄,28000
2025-04-09,1247,投信,売,D銘柄,6000
2025-03-20,1287,預金,買,G銘柄,90000
2025-05-06,1394,投信,売,D銘柄,7000
2025-03-14,1259,預金,買,G銘柄,78000
2025-05-01,1048,投信,売,E銘柄,78000
2025-03-21,1452,投信,買,C銘柄,73000
2025-04-06,1432,預金,売,G銘柄,58000
2025-04-17,1495,投信,買,C銘柄,37000
2025-04-04,1082,預金,買,H銘柄,68000
2025-05-02,1271,預金,買,G銘柄,38000
2025-05-27,1033,預金,売,F銘柄,39000
2025-03-31,1424,投信,売,D銘柄,83000
2025-03-12,1012,投信,売,A銘柄,25000
2025-03-28,1111,預金,売,F銘柄,44000
2025-05-29,1249,投信,買,C銘柄,56000
2025-03-31,1165,投信,売,E銘柄,56000
2025-04-23,1038,投信,買,E銘柄,20000
2025-05-29,1389,投信,買,B銘柄,51000
2025-03-05,1419,預金,買,H銘柄,82000
2025-04-04,1195,投信,売,E銘柄,80000
2025-05-06,1384,投信,買,E銘柄,77000
2025-05-14,1046,投信,買,B銘柄,96000
2025-03-30,1037,投信,買,B銘柄,94000
2025-03-09,1225,預金,売,F銘柄,24000
2025-04-13,1316,投信,売,D銘柄,44000
2025-03-09,1214,預金,買,G銘柄,91000
2025-03-11,1422,預金,売,F銘柄,56000
2025-05-28,1402,預金,売,F銘柄,8000
2025-03-15,1152,投信,買,B銘柄,34000
2025-04-24,1332,投信,買,A銘柄,25000
2025-03-26,1158,預金,売,F銘柄,40000
2025-04-03,1179,預金,売,H銘柄,30000
2025-05-22,1119,預金,買,F銘柄,50000
2025-05-09,1430,投信,売,C銘柄,59000
2025-03-18,1111,投信,売,B銘柄,33000
2025-04-23,1107,投信,買,E銘柄,54000
2025-04-10,1183,投信,買,D銘柄,92000
2025-03-27,1256,預金,買,F銘柄,39000
2025-05-29,1254,預金,売,G銘柄,32000
2025-03-11,1423,預金,売,F銘柄,25000
2025-04-06,1234,投信,買,C銘柄,80000
2025-04-27,1303,投信,売,E銘柄,22000
2025-05-29,1217,預金,売,H銘柄,37000
2025-03-23,1415,投信,売,D銘柄,26000
2025-04-01,1461,投信,買,E銘柄,74000
2025-03-21,1102,投信,買,C銘柄,70000
2025-04-16,1248,投信,買,A銘柄,98000
2025-05-23,1348,預金,売,F銘柄,54000
2025-05-01,1049,投信,買,A銘柄,13000
2025-03-17,1484,投信,買,E銘柄,54000
2025-04-27,1077,投信,買,B銘柄,81000
2025-05-17,1435,預金,売,G銘柄,39000
2025-05-14,1135,預金,買,H銘柄,61000
2025-05-20,1332,預金,売,F銘柄,54000
2025-04-17,1111,投信,買,D銘柄,46000
2025-04-14,1181,預金,売,G銘柄,99000
2025-04-03,1292,預金,売,G銘柄,65000
2025-03-26,1474,預金,売,H銘柄,60000
2025-03-15,1337,預金,買,F銘柄,17000
2025-04-18,1118,預金,買,H銘柄,88000
2025-03-14,1280,預金,売,F銘柄,88000
2025-05-19,1086,投信,買,E銘柄,15000
2025-03-04,1380,預金,買,G銘柄,87000
2025-05-20,1369,預金,売,G銘柄,10000
2025-03-28,1036,預金,売,H銘柄,83000
2025-05-02,1469,投信,売,B銘柄,3000
2025-03-05,1268,預金,売,G銘柄,48000
2025-04-11,1387,預金,買,F銘柄,79000
2025-05-17,1239,預金,売,H銘柄,65000
2025-04-11,1285,預金,買,F銘柄,97000
2025-05-13,1184,預金,売,G銘柄,36000
2025-03-29,1462,投信,売,B銘柄,47000
2025-03-16,1400,投信,売,D銘柄,19000
2025-03-24,1213,預金,買,H銘柄,21000
2025-03-02,1256,投信,買,B銘柄,74000
2025-03-17,1055,預金,買,G銘柄,8000
2025-03-05,1429,投信,売,D銘柄,6000
2025-03-22,1153,預金,買,F銘柄,59000
2025-04-15,1361,投信,売,E銘柄,41000
2025-05-08,1125,預金,売,G銘柄,26000
2025-05-13,1410,預金,買,H銘柄,95000
2025-03-26,1243,投信,買,B銘柄,18000
2025-04-09,1281,投信,買,C銘柄,89000
2025-04-15,1285,預金,買,G銘柄,94000
2025-05-08,1015,預金,買,G銘柄,54000
2025-05-03,1097,預金,売,F銘柄,95000
2025-03-29,1489,預金,買,F銘柄,61000
2025-05-23,1214,預金,買,F銘柄,10000
2025-05-08,1041,投信,売,B銘柄,56000
2025-04-03,1489,預金,売,G銘柄,96000
2025-03-02,1174,預金,買,H銘柄,2000
2025-05-10,1475,預金,買,G銘柄,40000
2025-05-27,1236,預金,買,G銘柄,52000
2025-04-11,1245,投信,買,E銘柄,9000
2025-04-04,1434,投信,売,D銘柄,13000
2025-03-18,1404,投信,買,D銘柄,93000
2025-03-19,1145,預金,売,G銘柄,78000
2025-03-20,1163,投信,売,C銘柄,64000
2025-03-18,1065,預金,売,H銘柄,1000
2025-05-02,1104,預金,売,H銘柄,92000
2025-05-21,1474,投信,買,B銘柄,82000
2025-05-14,1360,投信,買,D銘柄,3000
2025-05-31,1237,預金,売,F銘柄,12000
2025-04-08,1229,預金,売,H銘柄,24000
2025-03-19,1457,預金,買,G銘柄,99000
2025-03-21,1025,預金,買,F銘柄,16000
2025-04-23,1182,預金,売,G銘柄,18000
2025-03-16,1247,投信,売,A銘柄,39000
2025-05-19,1058,投信,売,D銘柄,97000
2025-03-13,1368,投信,売,A銘柄,35000
2025-04-13,1486,投信,売,D銘柄,93000
2025-04-26,1134,投信,買,A銘柄,70000
2025-04-08,1048,投信,買,E銘柄,3000
2025-03-04,1341,預金,売,H銘柄,79000
2025-03-31,1358,投信,買,B銘柄,93000
2025-05-15,1036,投信,買,A銘柄,31000
2025-04-22,1035,預金,売,H銘柄,19000
2025-04-03,1469,投信,売,E銘柄,80000
2025-04-05,1126,投信,売,A銘柄,14000
2025-05-13,1418,投信,買,A銘柄,85000
2025-03-26,1379,投信,売,D銘柄,64000
2025-03-13,1187,投信,買,A銘柄,18000
2025-03-31,1129,投信,売,A銘柄,3000
2025-03-16,1037,投信,売,E銘柄,52000
2025-04-29,1027,投信,買,C銘柄,90000
2025-04-29,1231,預金,売,H銘柄,98000
2025-05-20,1226,投信,買,B銘柄,93000
2025-04-22,1043,投信,買,D銘柄,89000
2025-04-25,1235,預金,買,G銘柄,26000
2025-03-19,1267,投信,売,A銘柄,13000
2025-04-11,1177,投信,買,B銘柄,52000
2025-03-02,1147,投信,売,A銘柄,74000
2025-05-15,1074,預金,売,F銘柄,43000
2025-04-23,1257,預金,買,F銘柄,39000
2025-05-17,1139,預金,買,F銘柄,57000
2025-05-08,1427,投信,売,E銘柄,29000
2025-03-19,1053,投信,買,C銘柄,82000
2025-05-21,1463,投信,買,B銘柄,97000
2025-05-17,1056,投信,売,C銘柄,18000
2025-05-17,1257,投信,売,E銘柄,87000
2025-05-14,1374,預金,売,H銘柄,17000
2025-04-04,1180,預金,買,H銘柄,34000
2025-04-08,1465,預金,買,F銘柄,7000
2025-05-10,1136,投信,買,E銘柄,3000
2025-03-06,1000,預金,売,F銘柄,78000
2025-04-18,1038,投信,買,D銘柄,83000
2025-03-17,1291,預金,売,G銘柄,57000
2025-05-11,1195,投信,買,A銘柄,10000
2025-05-30,1372,投信,買,B銘柄,24000
2025-03-31,1385,預金,買,F銘柄,55000
2025-05-15,1424,投信,買,C銘柄,32000
2025-03-02,1047,預金,売,G銘柄,29000
2025-05-11,1241,投信,買,B銘柄,48000
2025-03-17,1286,預金,買,H銘柄,51000
2025-04-11,1184,投信,売,D銘柄,38000
2025-04-22,1346,預金,売,F銘柄,39000
2025-04-17,1495,投信,売,C銘柄,37000
2025-05-01,1446,投信,買,B銘柄,95000
2025-05-10,1012,預金,買,H銘柄,10000
2025-04-27,1423,投信,買,E銘柄,41000
2025-05-10,1002,預金,売,H銘柄,17000
2025-04-06,1283,投信,売,D銘柄,95000
2025-05-25,1265,預金,売,G銘柄,7000
2025-03-18,1423,預金,売,H銘柄,53000
2025-04-28,1351,投信,買,D銘柄,9000
2025-05-13,1283,預金,売,G銘柄,18000
2025-04-23,1452,預金,買,F銘柄,68000
2025-03-09,1255,投信,売,E銘柄,69000
2025-04-18,1353,預金,売,F銘柄,9000
2025-03-11,1067,投信,買,B銘柄,19000
2025-03-09,1085,投信,売,D銘柄,8000
2025-05-14,1459,預金,売,F銘柄,48000
2025-05-21,1023,預金,買,H銘柄,4000
2025-05-02,1218,投信,売,E銘柄,92000
2025-04-27,1330,預金,買,F銘柄,87000
2025-05-14,1353,投信,買,A銘柄,51000
2025-04-22,1444,投信,買,C銘柄,34000
2025-05-26,1423,投信,売,E銘柄,77000
2025-04-22,1377,投信,売,A銘柄,14000
2025-03-09,1153,投信,買,C銘柄,48000
2025-04-24,1105,投信,売,D銘柄,74000
2025-03-03,1063,預金,買,F銘柄,44000
2025-05-17,1028,預金,売,G銘柄,54000
2025-05-13,1466,預金,売,H銘柄,2000
2025-04-29,1000,預金,売,H銘柄,57000
2025-04-10,1375,預金,売,H銘柄,45000
2025-03-06,1239,投信,売,E銘柄,63000
2025-03-26,1162,投信,買,A銘柄,38000
2025-03-02,1342,投信,買,A銘柄,50000
2025-05-26,1374,投信,買,D銘柄,9000
2025-03-23,1383,投信,買,A銘柄,52000
2025-05-19,1403,預金,売,G銘柄,66000
2025-04-28,1318,預金,売,F銘柄,85000
2025-05-17,1271,投信,買,D銘柄,1000
2025-04-30,1400,投信,売,B銘柄,30000
2025-04-12,1090,投信,売,B銘柄,21000
2025-03-15,1011,預金,売,G銘柄,13000
2025-05-16,1405,預金,売,F銘柄,20000
2025-03-25,1116,預金,買,H銘柄,92000
2025-05-20,1151,投信,買,A銘柄,20000
2025-03-29,1341,預金,売,H銘柄,11000
2025-03-21,1369,預金,買,G銘柄,43000
2025-03-07,1087,投信,買,C銘柄,98000
2025-03-15,1014,投信,買,D銘柄,70000
2025-03-15,1390,投信,買,E銘柄,38000
2025-03-02,1162,預金,売,F銘柄,0
2025-03-04,1232,投信,売,E銘柄,61000
2025-03-15,1340,投信,売,B銘柄,76000
2025-03-16,1053,預金,買,F銘柄,26000
2025-04-05,1140,預金,買,G銘柄,28000
2025-05-20,1369,預金,売,H銘柄,17000
2025-04-02,1491,投信,買,D銘柄,12000
2025-03-15,1257,預金,買,G銘柄,83000
2025-05-12,1066,投信,売,E銘柄,59000
2025-04-11,1388,投信,売,E銘柄,30000
2025-05-07,1484,預金,買,H銘柄,71000
2025-05-15,1259,預金,買,F銘柄,50000
2025-05-06,1412,投信,買,B銘柄,82000
2025-03-15,1338,投信,売,D銘柄,53000
2025-04-25,1207,投信,売,E銘柄,20000
2025-03-01,1481,投信,買,B銘柄,2000
2025-04-09,1266,預金,買,G銘柄,63000
2025-03-16,1298,預金,売,H銘柄,57000
2025-03-02,1236,預金,買,H銘柄,86000
2025-03-20,1477,預金,買,F銘柄,38000
2025-03-18,1224,預金,買,G銘柄,51000
2025-05-04,1488,預金,買,G銘柄,6000
2025-04-12,1149,預金,売,H銘柄,48000
2025-03-13,1300,投信,買,A銘柄,61000
2025-03-02,1246,投信,売,A銘柄,8000
2025-04-25,1417,預金,売,F銘柄,88000
2025-04-06,1092,預金,売,F銘柄,73000
2025-03-09,1122,投信,売,C銘柄,38000
2025-05-24,1058,預金,売,G銘柄,47000
2025-04-09,1028,投信,買,B銘柄,6000
2025-03-01,1122,投信,売,A銘柄,74000
2025-05-17,1233,投信,買,D銘柄,76000
2025-04-24,1127,預金,買,G銘柄,19000
2025-04-06,1245,投信,買,E銘柄,67000
2025-03-22,1289,預金,売,F銘柄,27000
2025-04-16,1346,預金,買,H銘柄,78000
2025-05-09,1231,預金,売,G銘柄,18000
2025-05-29,1278,預金,買,F銘柄,43000
2025-04-09,1401,投信,買,B銘柄,39000
2025-03-17,1353,投信,買,E銘柄,86000
2025-03-06,1030,投信,買,C銘柄,59000
2025-05-10,1465,預金,売,G銘柄,92000
2025-04-16,1334,投信,買,A銘柄,41000
2025-04-09,1420,預金,買,F銘柄,57000
2025-03-12,1289,投信,買,A銘柄,79000
2025-04-04,1260,投信,売,A銘柄,55000
2025-05-29,1369,預金,買,F銘柄,77000
2025-04-21,1419,投信,売,A銘柄,79000
2025-04-19,1394,投信,売,D銘柄,38000
2025-05-29,1326,投信,売,B銘柄,67000
2025-03-05,1226,預金,売,F銘柄,9000
2025-05-25,1173,投信,買,A銘柄,46000
2025-05-19,1313,預金,売,H銘柄,58000
2025-04-01,1479,投信,売,A銘柄,100000
2025-03-08,1384,投信,売,A銘柄,23000
2025-04-24,1448,投信,売,A銘柄,19000
2025-05-19,1274,預金,売,G銘柄,88000
2025-05-06,1285,投信,買,D銘柄,20000
2025-03-16,1382,預金,買,G銘柄,55000
2025-04-02,1290,預金,売,H銘柄,39000
2025-05-02,1316,投信,売,C銘柄,79000
