ID,date,product,buysell,meigara,total
1246,2025-04-05,預金,買,9999,3166
1237,2025-04-19,預金,売,9093,95089
1304,2025-03-14,投信,買,9001,61579
1312,2025-03-01,投信,売,9998,35078
1412,2025-04-21,投信,売,9998,31889
1405,2025-03-30,預金,買,9034,109229
1234,2025-04-09,投信,買,9098,54651
1044,2025-03-10,投信,買,9999,37717
1305,2025-03-02,投信,売,9998,21924
1322,2025-03-28,預金,売,9999,82410
1369,2025-03-01,預金,売,9002,10143
1055,2025-03-27,投信,買,9998,50803
1442,2025-04-20,投信,買,9068,26171
1345,2025-03-27,投信,売,9044,23120
1130,2025-03-25,預金,売,9087,96357
1437,2025-04-15,投信,買,9998,16934
1072,2025-04-19,預金,買,9999,72819
1345,2025-03-05,投信,買,9998,33868
1455,2025-03-01,投信,買,9063,50033
1357,2025-03-20,投信,売,9073,31092
1345,2025-03-23,投信,買,9998,41566
1223,2025-03-16,投信,買,9998,55421
1202,2025-03-13,投信,買,9999,41566
1352,2025-04-30,投信,買,9999,44645
1454,2025-03-08,投信,売,9023,30295
1471,2025-04-27,投信,売,9030,5979
1025,2025-03-26,預金,買,9999,129808
1400,2025-04-26,投信,売,9026,31092
1449,2025-03-18,投信,売,9055,7574
1131,2025-04-04,投信,売,9998,23120
1119,2025-03-02,預金,売,9035,27893
1059,2025-04-20,投信,売,9038,1993
1235,2025-03-27,預金,買,9999,7915
1239,2025-04-23,投信,売,9085,13154
1293,2025-03-29,投信,買,9998,33099
1178,2025-03-21,預金,買,9026,90232
1465,2025-04-08,預金,売,9001,65928
1157,2025-03-03,投信,売,9998,20329
1354,2025-04-20,投信,売,9999,31092
1094,2025-03-07,投信,買,9998,47724
1415,2025-03-25,投信,売,9999,37470
1302,2025-03-26,投信,買,9998,15395
1095,2025-04-15,預金,買,9998,83900
1196,2025-03-21,投信,買,9015,66967
1370,2025-04-11,預金,買,9063,0
1052,2025-03-19,預金,買,9044,22162
1479,2025-03-05,投信,買,9016,27710
1215,2025-04-26,投信,売,9053,36274
1422,2025-03-27,投信,買,9011,43875
1128,2025-04-03,預金,買,9024,79151
1030,2025-03-29,投信,売,9998,37868
1238,2025-04-01,預金,買,9999,79151
1391,2025-04-06,投信,売,9017,399
1196,2025-03-11,預金,売,9011,117910
1049,2025-04-13,投信,買,9999,49263
1221,2025-03-01,投信,売,9998,24316
1184,2025-04-28,投信,売,9998,13154
1437,2025-04-15,投信,買,9047,56960
1334,2025-03-12,預金,売,9999,7607
1336,2025-04-11,預金,売,9004,126785
1157,2025-03-29,投信,買,9999,76974
1020,2025-04-17,投信,買,9998,38487
1476,2025-03-19,預金,買,9999,71236
1417,2025-04-27,預金,買,9028,123476
1075,2025-03-09,投信,売,9025,38666
1163,2025-03-21,預金,売,9096,112839
1014,2025-03-15,預金,売,9064,36768
1260,2025-03-21,投信,買,9999,8467
1283,2025-03-31,投信,買,9028,45414
1402,2025-04-08,投信,買,9036,56191
1175,2025-04-15,投信,買,9998,20783
1340,2025-04-15,投信,売,9057,14749
1083,2025-04-19,投信,買,9999,19243
1104,2025-03-02,預金,売,9034,10143
1396,2025-04-11,預金,買,9999,7915
1099,2025-04-15,預金,買,9998,31660
1401,2025-04-11,投信,買,9007,3849
1101,2025-03-23,投信,買,9077,46954
1103,2025-04-06,投信,売,9060,33484
1336,2025-03-04,投信,買,9998,36947
1343,2025-04-06,投信,売,9045,7175
1334,2025-03-06,投信,売,9009,21127
1358,2025-04-14,投信,買,9092,34638
1264,2025-03-05,預金,買,9080,69653
1046,2025-04-08,投信,買,9999,68506
1107,2025-04-27,投信,買,9057,3079
1229,2025-04-30,預金,売,9998,64660
1379,2025-03-10,預金,買,9998,34827
1127,2025-03-24,預金,売,9999,63393
1432,2025-04-05,預金,買,9026,101314
1435,2025-03-22,預金,買,9999,121893
1043,2025-03-18,投信,売,9999,10364
1144,2025-04-27,投信,売,9998,8371
1109,2025-03-11,投信,売,9999,12756
1357,2025-03-27,投信,買,9049,40026
1061,2025-04-19,投信,売,9001,1993
1116,2025-03-25,預金,売,9029,30428
1429,2025-03-03,投信,買,9045,2309
1272,2025-04-01,預金,買,9076,68070
1119,2025-04-22,投信,買,9000,10007
1020,2025-03-27,投信,売,9998,33882
1481,2025-03-24,預金,買,9998,58572
1219,2025-03-10,投信,買,9999,50803
1372,2025-04-25,投信,売,9081,22322
1339,2025-03-31,投信,売,9047,26707
1030,2025-03-02,投信,買,9088,14625
1439,2025-04-22,投信,売,9998,8371
1237,2025-04-11,投信,売,9998,13154
1204,2025-03-28,投信,買,9999,75434
1254,2025-03-12,預金,売,9998,15214
1491,2025-03-21,預金,買,9052,104480
1377,2025-04-20,投信,売,9999,23917
1063,2025-04-19,投信,買,9059,52342
1489,2025-03-17,預金,買,9998,11081
1150,2025-04-12,預金,売,9040,6339
1485,2025-03-05,預金,買,9999,131391
1359,2025-03-17,預金,売,9998,67196
1284,2025-03-14,預金,買,9064,52240
1370,2025-03-08,投信,買,9998,13085
1273,2025-04-08,投信,売,9022,797
1041,2025-04-20,投信,売,9999,1594
1007,2025-03-18,預金,売,9094,117910
1424,2025-04-13,預金,売,9008,117910
1103,2025-03-29,預金,売,9062,122981
1411,2025-03-09,預金,買,9999,123476
1383,2025-03-12,投信,買,9070,52342
1166,2025-03-29,預金,買,9062,90232
1206,2025-04-17,投信,買,9999,18474
1429,2025-04-13,投信,売,9998,0
1321,2025-03-28,預金,売,9079,12679
1290,2025-03-25,投信,売,9058,26707
1209,2025-04-19,預金,買,9998,109229
1471,2025-04-30,預金,買,9998,88649
1198,2025-04-16,預金,買,9999,55406
1019,2025-04-28,預金,売,9075,105232
1256,2025-04-06,預金,買,9067,147221
1354,2025-03-13,投信,買,9999,23862
1340,2025-03-17,預金,売,9998,15214
1086,2025-03-31,投信,売,9057,14749
1221,2025-03-11,投信,売,9999,399
1047,2025-03-08,投信,売,9086,7574
1311,2025-03-29,投信,買,9093,13855
1132,2025-03-18,預金,売,9084,78607
1162,2025-03-23,投信,買,9998,43875
1206,2025-04-25,投信,売,9998,31889
1057,2025-04-07,預金,買,9007,153553
1297,2025-04-02,投信,買,9999,6158
1422,2025-04-22,投信,買,9998,11546
1141,2025-04-03,預金,買,9998,140889
1220,2025-03-29,投信,買,9998,29250
1077,2025-04-23,預金,売,9090,92553
1426,2025-03-09,投信,売,9071,35875
1395,2025-04-02,預金,買,9998,129808
1099,2025-04-12,預金,買,9998,80734
1467,2025-04-25,預金,売,9999,25357
1159,2025-03-25,預金,売,9048,2536
1298,2025-03-03,預金,売,9999,74803
1290,2025-03-22,預金,買,9998,11081
1174,2025-04-14,投信,買,9999,56960
1456,2025-03-16,預金,買,9074,106063
1415,2025-03-29,預金,買,9999,131391
1030,2025-04-24,預金,買,9999,55406
1224,2025-03-22,預金,売,9998,96357
1086,2025-04-25,投信,買,9002,33099
1392,2025-03-01,投信,売,9998,30693
1380,2025-03-20,預金,売,9050,6339
1433,2025-03-24,預金,買,9999,74402
1273,2025-04-21,投信,買,9036,3079
1040,2025-04-02,預金,売,9099,81142
1085,2025-04-17,預金,売,9028,65928
1473,2025-03-12,預金,買,9999,101314
1216,2025-04-13,預金,売,9094,112839
1027,2025-03-19,投信,売,9999,23518
1363,2025-03-21,投信,売,9999,32686
1249,2025-03-10,預金,売,9058,69732
1451,2025-04-26,預金,買,9999,129808
1412,2025-03-25,投信,買,9034,71585
1020,2025-03-23,投信,買,9999,24632
1356,2025-03-22,預金,買,9084,47491
1308,2025-04-29,投信,買,9998,29250
1404,2025-03-09,預金,買,9092,66487
1364,2025-04-03,預金,売,9998,19018
1278,2025-04-10,預金,売,9999,69732
1141,2025-03-29,投信,売,9999,39862
1445,2025-03-24,投信,売,9069,21924
1454,2025-04-03,預金,買,9078,68070
1156,2025-04-29,投信,買,9998,49263
1475,2025-04-24,預金,売,9999,1268
1051,2025-03-12,預金,売,9999,98892
1121,2025-03-10,投信,買,9096,53112
1395,2025-04-05,預金,売,9093,40571
1152,2025-04-07,投信,売,9999,7574
1372,2025-03-01,投信,売,9998,22322
1430,2025-03-02,投信,買,9998,73125
1279,2025-03-21,預金,売,9998,121714
1129,2025-04-14,投信,売,9039,25511
1271,2025-03-17,預金,売,9000,30428
1181,2025-04-19,投信,買,9998,63888
1158,2025-03-15,預金,売,9050,100160
1088,2025-04-09,投信,売,9998,19134
1217,2025-03-09,預金,売,9057,51982
1031,2025-04-21,投信,買,9998,6928
1094,2025-04-16,投信,買,9091,1539
1232,2025-03-28,預金,買,9999,53823
1267,2025-03-18,投信,買,9999,53112
1182,2025-03-14,投信,買,9999,15395
1114,2025-03-26,投信,買,9076,63888
1160,2025-04-23,預金,買,9998,41159
1005,2025-03-31,預金,売,9998,15214
1270,2025-03-30,預金,売,9044,39303
1006,2025-04-07,預金,売,9998,112839
1357,2025-04-06,投信,売,9068,28700
1472,2025-04-27,投信,売,9028,4783
1291,2025-03-22,預金,売,9999,69732
1352,2025-03-10,投信,売,9999,18735
1408,2025-03-26,預金,買,9998,129808
1222,2025-03-02,預金,売,9999,8875
1283,2025-03-27,投信,売,9018,28302
1387,2025-04-18,預金,売,9057,77339
1154,2025-04-12,預金,売,9999,91285
1278,2025-03-08,投信,買,9057,3079
1443,2025-03-08,投信,売,9012,5979
1289,2025-03-03,投信,売,9035,9567
1391,2025-04-18,預金,買,9998,6332
1332,2025-03-23,預金,売,9015,10143
1355,2025-03-19,投信,買,9998,34638
1320,2025-03-07,投信,買,9059,69276
1371,2025-04-06,投信,買,9094,60039
1206,2025-03-11,投信,売,9998,10763
1301,2025-03-07,投信,買,9998,50803
1264,2025-04-13,預金,売,9014,100160
1202,2025-03-04,預金,売,9998,41839
1497,2025-04-30,投信,買,9028,18474
1013,2025-03-04,投信,買,9999,63118
1226,2025-04-10,投信,買,9998,64658
1451,2025-04-01,預金,買,9999,147221
1477,2025-03-09,投信,売,9032,20329
1098,2025-03-14,預金,売,9089,82410
1406,2025-04-02,投信,売,9999,28302
1256,2025-03-25,投信,売,9999,16742
1192,2025-04-15,預金,売,9999,84946
1364,2025-03-07,預金,買,9999,87066
1171,2025-03-25,投信,買,9999,46954
1112,2025-04-03,投信,売,9998,12357
1233,2025-04-25,預金,売,9998,100160
1257,2025-03-11,預金,売,9999,27893
1021,2025-04-28,預金,買,9998,55406
1059,2025-04-19,預金,買,9032,96565
1337,2025-03-11,投信,買,9999,13085
1335,2025-03-10,預金,買,9084,14247
1020,2025-03-26,預金,買,9021,123476
1107,2025-04-22,投信,買,9998,31559
1142,2025-04-19,預金,買,9999,75985
1104,2025-04-20,預金,売,9998,65928
1456,2025-04-04,預金,売,9998,38036
1331,2025-03-13,預金,買,9042,113978
1196,2025-03-02,預金,買,9034,60155
1443,2025-03-22,預金,買,9998,0
1170,2025-03-23,投信,買,9999,26171
1201,2025-04-27,預金,買,9076,110812
1319,2025-04-02,預金,買,9998,106063
1459,2025-03-14,投信,買,9998,16164
1251,2025-03-16,投信,買,9999,50033
1400,2025-03-25,投信,買,9020,38487
1483,2025-04-25,預金,売,9057,38036
1074,2025-04-25,投信,買,9998,74664
1435,2025-04-11,預金,買,9999,117144
1311,2025-04-02,投信,買,9069,3079
1347,2025-04-05,預金,売,9999,71000
1247,2025-04-13,預金,買,9027,96565
1038,2025-03-28,投信,売,9091,6378
1126,2025-04-08,預金,売,9998,7607
1374,2025-03-01,預金,売,9999,2536
1498,2025-04-24,投信,売,9096,35078
1408,2025-04-07,投信,買,9998,65427
1114,2025-04-22,預金,買,9090,66487
1128,2025-03-05,預金,売,9076,117910
1251,2025-04-16,預金,売,9999,2536
1133,2025-03-13,預金,買,9999,80734
1410,2025-03-23,預金,売,9998,84946
1442,2025-04-06,預金,買,9090,98148
1247,2025-04-09,投信,買,9019,50033
1195,2025-04-10,預金,売,9999,38036
1120,2025-04-19,投信,売,9017,15945
1423,2025-03-09,預金,買,9998,101314
1153,2025-04-24,預金,買,9999,44325
1350,2025-04-10,投信,買,9037,16934
1065,2025-03-15,預金,売,9999,49446
1315,2025-03-03,投信,売,9999,1993
1290,2025-03-10,預金,買,9999,63321
1374,2025-04-07,投信,買,9087,33099
1260,2025-03-08,預金,買,9999,120310
1132,2025-03-14,預金,買,9999,12664
1006,2025-04-19,預金,買,9098,80734
1435,2025-03-21,投信,買,9998,43875
1053,2025-04-27,預金,買,9999,153553
1005,2025-03-23,投信,売,9016,18735
1406,2025-03-07,預金,買,9999,71236
1421,2025-04-27,投信,売,9998,3588
1237,2025-04-29,預金,売,9050,50714
1303,2025-04-11,預金,売,9999,103964
1480,2025-03-16,投信,売,9088,4385
1396,2025-04-19,預金,売,9024,15214
1158,2025-04-10,預金,売,9999,21553
1323,2025-04-23,投信,売,9005,4385
1151,2025-04-29,投信,買,9999,64658
1391,2025-04-07,預金,売,9006,51982
1329,2025-03-16,投信,買,9012,26171
1340,2025-04-21,投信,売,9999,5182
1175,2025-04-04,投信,買,9998,41566
1221,2025-03-31,預金,買,9089,6332
1335,2025-04-11,投信,買,9999,34638
1288,2025-04-09,投信,買,9999,33868
1383,2025-03-04,預金,売,9999,65928
1418,2025-03-14,預金,買,9998,42742
1347,2025-04-22,投信,買,9998,30020
1262,2025-04-25,投信,売,9999,17539
1178,2025-04-16,投信,買,9998,9237
1135,2025-03-31,投信,売,9023,2790
1186,2025-04-08,預金,売,9059,53250
1263,2025-03-02,投信,売,9998,11560
1012,2025-03-02,預金,売,9998,90017
1215,2025-04-06,投信,売,9999,9567
1013,2025-03-13,預金,売,9051,92553
1279,2025-04-26,預金,売,9999,79875
1175,2025-03-16,投信,売,9999,32288
1020,2025-04-03,預金,買,9998,42742
1124,2025-03-20,預金,売,9063,97624
1499,2025-03-14,投信,売,9046,13952
1196,2025-04-13,投信,売,9998,12357
1147,2025-04-27,預金,売,9060,101428
1166,2025-04-08,投信,売,9093,39064
1077,2025-03-29,預金,買,9047,6332
1390,2025-04-08,預金,買,9068,107646
1102,2025-03-22,投信,売,9064,17539
1412,2025-04-28,投信,買,9999,57730
1358,2025-03-27,預金,買,9008,47491
1177,2025-04-02,投信,買,9998,76974
1384,2025-03-12,預金,買,9097,126642
1306,2025-04-12,投信,売,9056,7175
1069,2025-03-24,預金,売,9999,64660
1105,2025-04-05,投信,買,9025,68506
1197,2025-03-21,預金,売,9092,20286
1388,2025-03-06,預金,買,9998,85483
1146,2025-03-18,預金,買,9998,68070
1164,2025-04-26,投信,売,9998,11958
1118,2025-03-19,預金,買,9003,99731
1190,2025-03-02,投信,売,9056,16742
1324,2025-04-19,投信,売,9998,19134
1417,2025-03-07,預金,売,9999,71000
1131,2025-04-27,投信,買,9054,55421
1494,2025-04-22,預金,売,9999,59589
1213,2025-04-14,預金,売,9037,112839
1036,2025-03-14,投信,売,9078,37470
1201,2025-04-13,預金,買,9055,41159
1287,2025-04-23,預金,売,9999,72267
1335,2025-03-28,投信,売,9033,29099
1225,2025-03-14,投信,売,9999,3986
1366,2025-03-24,投信,買,9999,56191
1337,2025-04-13,預金,買,9006,64904
1271,2025-04-17,投信,売,9011,14749
1263,2025-04-26,預金,売,9026,43107
1075,2025-04-25,投信,買,9999,39256
1059,2025-03-28,預金,買,9999,71236
1348,2025-03-02,預金,売,9060,125517
1377,2025-04-24,投信,買,9050,66197
1184,2025-04-28,預金,買,9002,118727
1185,2025-03-19,投信,買,9096,10776
1050,2025-03-08,投信,買,9079,52342
1328,2025-04-25,投信,買,9998,0
1447,2025-03-16,預金,買,9999,58572
1070,2025-03-20,投信,買,9040,23092
1236,2025-03-22,預金,買,9998,85483
1091,2025-03-31,投信,買,9029,50803
1406,2025-03-21,預金,売,9998,78607
1157,2025-04-10,預金,買,9999,31660
1327,2025-04-06,預金,売,9051,100160
1280,2025-04-16,投信,売,9998,24316
1388,2025-03-03,投信,買,9998,66967
1257,2025-03-07,預金,買,9054,12664
1112,2025-04-26,預金,売,9999,11411
1451,2025-04-22,投信,買,9999,6928
1309,2025-03-01,預金,買,9999,63321
1014,2025-03-03,投信,買,9040,51572
1149,2025-03-18,投信,買,9008,40796
1314,2025-04-08,預金,買,9080,42742
1105,2025-04-27,投信,買,9032,74664
1344,2025-04-08,預金,売,9021,92553
1466,2025-04-18,投信,買,9998,12316
1262,2025-04-20,預金,売,9998,83678
1106,2025-04-15,預金,買,9998,56989
1204,2025-03-19,投信,売,9998,13154
1265,2025-03-25,預金,売,9999,0
1464,2025-03-31,投信,売,9091,17539
1349,2025-04-08,預金,売,9998,3804
1371,2025-03-18,預金,買,9999,134557
1409,2025-04-08,預金,買,9061,113978
1142,2025-03-18,投信,売,9001,11161
1449,2025-03-20,預金,売,9096,122981
1495,2025-04-29,投信,買,9999,4618
1280,2025-03-25,投信,売,9999,15945
1387,2025-04-05,預金,売,9083,96357
1283,2025-03-16,投信,買,9034,770
1029,2025-04-15,投信,買,9999,10776
1272,2025-03-02,預金,売,9067,16482
1437,2025-04-10,預金,買,9076,7915
1452,2025-03-29,投信,買,9015,35408
1224,2025-03-09,預金,買,9998,91815
1407,2025-04-14,投信,売,9094,11560
1228,2025-04-15,預金,売,9082,17750
1193,2025-03-09,預金,買,9998,12664
1005,2025-03-14,投信,買,9001,10776
1450,2025-04-25,預金,買,9019,87066
1011,2025-03-13,投信,売,9999,34680
1213,2025-04-26,預金,買,9999,25328
1482,2025-04-11,投信,売,9054,32288
1196,2025-03-09,投信,売,9999,13952
1279,2025-03-25,預金,売,9092,39303
1360,2025-03-07,預金,買,9062,93398
1205,2025-03-27,預金,買,9019,15830
1174,2025-04-11,預金,買,9061,28494
1246,2025-03-05,預金,買,9066,150387
1367,2025-03-23,投信,買,9051,23862
1247,2025-04-14,投信,買,9017,24632
1213,2025-03-25,投信,売,9009,10763
1137,2025-04-06,預金,売,9998,58321
1117,2025-04-01,投信,売,9998,11161
1427,2025-04-04,投信,売,9999,30693
1444,2025-03-27,投信,買,9999,40026
1416,2025-04-15,預金,買,9999,131391
1219,2025-03-15,預金,売,9006,112839
1223,2025-04-16,投信,売,9032,17539
1317,2025-04-18,投信,売,9065,28302
1163,2025-04-06,投信,買,9033,21553
1243,2025-04-12,預金,売,9002,71000
1440,2025-04-23,預金,売,9998,71000
1265,2025-04-03,預金,買,9999,118727
1470,2025-04-21,投信,買,9024,76974
1030,2025-04-23,預金,買,9071,126642
1394,2025-03-20,預金,買,9999,7915
1152,2025-03-10,投信,売,9998,37868
1289,2025-03-04,投信,買,9084,17704
1295,2025-03-13,預金,売,9014,87482
1099,2025-03-30,預金,買,9057,3166
1228,2025-04-27,預金,買,9045,77568
1425,2025-03-27,投信,売,9999,3588
1078,2025-04-16,投信,売,9095,28302
1128,2025-03-11,投信,売,9999,25511
1062,2025-04-05,預金,売,9999,21553
1485,2025-03-26,投信,買,9999,36178
1091,2025-03-03,投信,売,9999,29099
1228,2025-04-23,預金,売,9998,25357
1170,2025-03-30,投信,買,9062,20783
1469,2025-03-24,預金,買,9998,28494
1399,2025-04-28,預金,売,9999,92553
1323,2025-04-24,投信,売,9047,11560
1250,2025-04-16,投信,買,9060,66967
1241,2025-03-31,投信,売,9046,5182
1386,2025-04-29,預金,売,9067,73535
1043,2025-04-17,預金,買,9999,158302
1483,2025-04-19,預金,売,9998,92553
1170,2025-04-24,投信,売,9050,19532
1200,2025-03-17,投信,売,9003,31491
1275,2025-03-17,預金,買,9999,68070
1193,2025-04-21,投信,売,9059,27903
1423,2025-04-27,預金,売,9042,45643
1307,2025-03-02,預金,買,9998,17413
1088,2025-03-10,投信,買,9999,6158
1018,2025-04-11,投信,売,9998,9965
1077,2025-03-21,投信,買,9999,3079
1035,2025-03-14,投信,買,9998,17704
1457,2025-04-30,投信,買,9998,20783
1397,2025-04-25,預金,買,9010,90232
1008,2025-03-09,預金,買,9998,41159
1382,2025-04-05,預金,買,9037,60155
1263,2025-03-05,投信,買,9020,47724
1321,2025-03-31,預金,売,9097,54518
1266,2025-04-17,預金,売,9998,98892
1069,2025-03-08,預金,売,9089,5071
1454,2025-03-08,投信,買,9029,46954
1270,2025-03-28,投信,売,9037,19134
1274,2025-03-21,投信,売,9999,29896
1164,2025-04-10,預金,売,9998,83678
1114,2025-04-14,預金,売,9038,31696
1303,2025-04-20,投信,売,9999,25511
1240,2025-04-30,預金,売,9999,11411
1344,2025-03-10,預金,売,9056,125517
1411,2025-04-09,預金,売,9999,64660
1488,2025-03-29,投信,買,9004,3079
1042,2025-03-30,預金,売,9080,20286
1471,2025-03-24,預金,買,9078,142472
1048,2025-04-11,投信,売,9998,33882
1315,2025-04-27,投信,売,9082,34680
1000,2025-04-17,預金,買,9999,85483
1307,2025-03-22,投信,売,9076,24316
1325,2025-03-23,投信,買,9083,56960
1167,2025-03-04,投信,買,9999,3849
1054,2025-04-27,投信,買,9058,68506
1286,2025-03-02,預金,売,9063,76071
1497,2025-03-11,投信,売,9040,13952
1255,2025-03-26,投信,買,9076,76204
1433,2025-03-04,預金,買,9082,148804
1387,2025-04-16,預金,売,9998,16482
1404,2025-04-07,投信,売,9998,22322
1308,2025-04-27,投信,売,9089,35078
1354,2025-03-28,投信,買,9999,73125
1152,2025-03-22,投信,買,9998,55421
1169,2025-03-21,投信,買,9998,4618
1201,2025-04-20,預金,売,9065,43107
1493,2025-04-10,預金,買,9998,120310
1352,2025-03-25,投信,売,9095,6378
1412,2025-04-04,投信,売,9999,36274
1364,2025-03-08,投信,買,9999,17704
1331,2025-04-04,投信,売,9027,5182
1071,2025-03-25,投信,買,9998,33099
1114,2025-03-22,投信,買,9053,2309
1364,2025-04-28,預金,売,9004,48178
1031,2025-04-01,投信,売,9998,13952
1325,2025-04-16,投信,買,9050,27710
1206,2025-03-24,預金,売,9998,58321
1133,2025-03-05,預金,買,9024,34827
1173,2025-04-28,投信,売,9998,38666
1048,2025-03-11,投信,買,9036,15395
1117,2025-03-24,投信,買,9998,21553
1231,2025-03-22,預金,売,9013,96357
1386,2025-03-02,投信,買,9999,43105
1330,2025-03-10,預金,買,9998,144055
1472,2025-03-28,預金,買,9998,150387
1155,2025-03-09,預金,買,9999,144055
1238,2025-03-27,投信,売,9075,1993
1196,2025-04-01,預金,買,9017,22162
1127,2025-03-29,投信,買,9998,39256
1328,2025-03-05,投信,売,9042,31491
1397,2025-03-02,投信,売,9999,10763
1463,2025-03-12,預金,売,9036,15214
1116,2025-04-30,投信,売,9056,17140
1161,2025-04-10,投信,売,9096,31491
1452,2025-03-10,投信,買,9042,30020
1325,2025-03-21,預金,売,9999,115374
1128,2025-03-23,投信,買,9038,65427
1300,2025-03-02,預金,売,9998,1268
1284,2025-03-13,預金,買,9041,55406
1385,2025-03-29,投信,買,9053,59270
1128,2025-03-24,投信,買,9008,56191
1262,2025-03-22,投信,買,9064,6928
1016,2025-04-10,投信,買,9998,7697
1094,2025-04-29,投信,買,9998,4618
1427,2025-03-12,預金,買,9998,22162
1125,2025-03-21,預金,買,9998,131391
1452,2025-03-05,投信,売,9082,31491
1332,2025-04-16,投信,買,9057,37717
1162,2025-03-09,投信,買,9998,55421
1490,2025-03-01,預金,買,9999,71236
1242,2025-03-03,預金,買,9998,31660
1306,2025-04-03,預金,売,9998,68464
1367,2025-04-09,投信,買,9052,57730
1039,2025-04-24,預金,買,9098,126642
1320,2025-03-15,預金,売,9998,124249
1060,2025-03-23,投信,買,9998,35408
1267,2025-03-15,投信,売,9999,6378
1154,2025-04-03,預金,売,9998,35500
1454,2025-04-12,投信,買,9999,35408
1160,2025-04-13,預金,買,9998,15830
1211,2025-03-25,投信,売,9002,1196
1305,2025-04-15,預金,売,9998,50714
1466,2025-03-03,預金,売,9998,122981
1465,2025-04-03,預金,売,9030,122981
1416,2025-03-10,投信,買,9998,15395
1490,2025-04-04,投信,買,9003,770
1118,2025-03-07,投信,売,9999,36274
1219,2025-03-24,預金,買,9088,68070
1147,2025-03-08,預金,売,9064,84946
1260,2025-04-18,預金,買,9018,104480
1099,2025-03-09,投信,売,9010,19134
1045,2025-04-06,投信,売,9999,31092
1218,2025-04-23,預金,買,9080,56989
1237,2025-03-16,預金,買,9998,158302
1038,2025-03-25,預金,買,9026,56989
1312,2025-04-05,預金,買,9056,144055
1478,2025-03-15,預金,売,9999,117910
1145,2025-04-07,投信,買,9998,36947
1434,2025-04-19,預金,買,9094,1583
1438,2025-04-14,預金,買,9065,41159
1096,2025-04-09,投信,売,9999,12756
1127,2025-03-31,預金,買,9012,61738
1115,2025-04-04,預金,買,9007,150387
1305,2025-03-12,投信,売,9998,13154
1147,2025-04-28,投信,買,9999,23862
1492,2025-04-22,預金,売,9025,0
1447,2025-04-24,投信,売,9999,22721
1216,2025-03-08,投信,売,9998,16742
1383,2025-03-30,投信,売,9072,19134
1480,2025-03-02,預金,買,9999,115561
1492,2025-04-13,預金,買,9019,36410
1056,2025-04-24,投信,売,9029,23917
1095,2025-03-23,投信,買,9068,29250
1076,2025-04-23,投信,売,9037,38666
1079,2025-03-27,投信,売,9998,30295
1437,2025-04-25,預金,売,9077,63393
1466,2025-04-29,投信,売,9999,10364
1344,2025-03-03,預金,売,9999,10143
1020,2025-03-14,投信,売,9998,31889
1439,2025-03-15,投信,売,9055,399
1467,2025-03-11,投信,売,9999,1594
1295,2025-03-11,投信,売,9077,21525
1097,2025-03-30,投信,買,9046,48493
1295,2025-04-29,預金,売,9090,82410
1364,2025-03-02,預金,買,9998,140889
1271,2025-04-24,預金,買,9084,150387
1348,2025-03-18,投信,買,9033,26171
1219,2025-03-06,投信,売,9998,28302
1409,2025-04-29,預金,売,9001,44375
1302,2025-04-27,投信,買,9998,38487
1216,2025-04-17,預金,売,9099,53250
1318,2025-04-16,預金,買,9998,75985
1401,2025-03-06,投信,売,9999,30693
1496,2025-04-18,投信,売,9070,36274
1099,2025-04-30,投信,売,9072,35875
1457,2025-04-27,預金,売,9999,13946
1488,2025-03-04,預金,買,9060,134557
1011,2025-04-03,投信,売,9045,25113
1277,2025-04-04,預金,買,9999,4749
1329,2025-04-13,預金,売,9998,24089
1115,2025-03-13,投信,買,9041,25401
1119,2025-03-29,投信,買,9999,19243
1297,2025-04-18,投信,買,9998,17704
1040,2025-04-03,投信,買,9998,13855
1354,2025-03-24,預金,買,9998,115561
1149,2025-03-03,投信,買,9999,29250
1473,2025-04-11,預金,売,9008,40571
1416,2025-04-27,預金,買,9039,74402
1405,2025-04-19,投信,買,9004,1539
1409,2025-03-10,預金,買,9998,30077
1207,2025-03-29,投信,売,9066,39064
1445,2025-03-23,預金,売,9009,58321
1369,2025-04-05,投信,売,9999,28302
1004,2025-04-20,投信,買,9999,42335
1232,2025-03-07,投信,買,9998,37717
1289,2025-03-17,投信,買,9998,61579
1101,2025-03-10,投信,買,9032,25401
1241,2025-04-23,投信,売,9998,14749
1225,2025-03-30,預金,売,9999,46910
1310,2025-04-20,預金,買,9998,145638
1251,2025-03-02,預金,売,9008,25357
1063,2025-04-21,預金,買,9998,41159
1327,2025-03-09,投信,売,9082,3986
1256,2025-04-14,投信,売,9999,38267
1264,2025-03-30,預金,売,9019,126785
1387,2025-04-09,預金,買,9006,68070
1445,2025-04-23,投信,買,9998,2309
1444,2025-04-05,投信,売,9085,24714
1039,2025-04-08,投信,売,9027,13154
1212,2025-04-09,預金,売,9999,64660
1211,2025-04-01,投信,売,9999,399
1133,2025-03-06,預金,売,9074,109035
1319,2025-03-23,投信,売,9999,35078
1176,2025-03-30,預金,売,9029,46910
1230,2025-04-05,投信,売,9999,12357
1320,2025-04-01,投信,売,9998,20728
1439,2025-04-04,投信,買,9059,26171
1037,2025-04-11,預金,売,9999,22821
1215,2025-03-21,投信,売,9077,399
1154,2025-04-23,投信,売,9092,6776
1012,2025-03-08,投信,買,9014,53112
1476,2025-03-15,預金,買,9099,150387
1490,2025-03-23,預金,売,9998,17750
1366,2025-03-19,投信,売,9019,10364
1375,2025-04-01,投信,売,9998,35875
1222,2025-04-01,投信,買,9057,50803
1109,2025-03-17,預金,売,9052,116642
1128,2025-03-08,投信,買,9090,70816
1069,2025-04-20,預金,買,9083,55406
1010,2025-03-04,預金,売,9999,68464
1218,2025-04-29,預金,売,9999,95089
1168,2025-03-22,預金,売,9035,46910
1190,2025-03-25,投信,売,9998,18735
1096,2025-04-15,預金,買,9998,44325
1038,2025-04-21,投信,買,9998,31559
1299,2025-03-16,投信,買,9044,75434
1238,2025-03-30,投信,売,9077,19134
1061,2025-04-28,投信,売,9012,8371
1023,2025-04-10,投信,買,9998,15395
1232,2025-04-15,預金,買,9998,109229
1410,2025-03-05,預金,売,9998,51982
1057,2025-04-24,投信,買,9998,59270
1187,2025-04-14,預金,買,9999,99731
1374,2025-04-03,預金,売,9070,121714
1357,2025-04-10,投信,買,9998,46954
1467,2025-03-17,投信,買,9028,52342
1371,2025-03-14,預金,売,9998,65928
1436,2025-03-05,投信,買,9097,38487
1337,2025-04-05,投信,買,9091,15395
1090,2025-03-23,預金,買,9999,155136
1374,2025-04-04,預金,買,9054,6332
1077,2025-04-27,投信,売,9015,10364
1024,2025-04-20,投信,売,9054,17938
1123,2025-03-18,預金,買,9056,52240
1488,2025-04-22,投信,売,9056,33085
1300,2025-04-16,預金,売,9021,76071
1118,2025-03-30,投信,買,9999,32329
1479,2025-03-24,預金,買,9998,64904
1469,2025-03-05,投信,売,9019,23120
1043,2025-04-17,預金,買,9999,60155
1158,2025-04-26,投信,買,9060,3079
1272,2025-04-11,預金,買,9999,34827
1263,2025-03-28,預金,買,9040,71236
1157,2025-04-12,預金,買,9998,142472
1114,2025-04-06,預金,買,9999,22162
1140,2025-04-17,投信,売,9064,23120
1142,2025-04-20,預金,買,9998,36410
1265,2025-03-01,投信,売,9999,34680
1194,2025-04-20,預金,売,9998,83678
1077,2025-04-26,預金,買,9999,142472
1458,2025-03-20,投信,買,9015,48493
1212,2025-03-04,預金,買,9998,87066
1397,2025-04-15,投信,売,9998,13154
1442,2025-04-18,投信,売,9088,16742
1467,2025-03-06,預金,売,9004,97624
1104,2025-03-17,投信,売,9047,37071
1359,2025-03-16,預金,売,9999,73535
1189,2025-03-26,預金,売,9066,73535
1348,2025-04-29,投信,買,9019,28480
1063,2025-04-09,投信,買,9007,3079
1441,2025-04-03,預金,売,9998,72267
1492,2025-03-17,預金,売,9041,35500
1363,2025-04-22,預金,売,9070,48178
1449,2025-04-09,預金,売,9072,116642
1484,2025-04-01,預金,売,9069,71000
1387,2025-03-15,投信,買,9999,50033
1491,2025-03-19,預金,売,9008,77339
1142,2025-03-03,投信,売,9009,13154
1336,2025-03-16,預金,買,9008,12664
1384,2025-03-14,預金,買,9999,4749
1252,2025-04-18,預金,売,9998,21553
1418,2025-04-10,投信,買,9026,29250
1159,2025-03-12,預金,売,9091,125517
1424,2025-04-28,預金,買,9999,68070
1002,2025-03-29,預金,買,9050,134557
1101,2025-03-16,預金,買,9060,68070
1110,2025-04-09,預金,買,9999,109229
1189,2025-03-20,預金,買,9044,9498
1195,2025-04-27,預金,買,9999,11081
1403,2025-03-21,投信,売,9999,31092
1214,2025-03-23,投信,買,9999,46954
1295,2025-04-12,預金,売,9999,101428
1088,2025-04-07,預金,買,9999,117144
1241,2025-03-16,預金,売,9051,90017
1494,2025-03-23,投信,売,9999,34680
1037,2025-03-12,投信,売,9040,13553
1248,2025-04-28,預金,買,9001,60155
1328,2025-03-13,投信,売,9999,19134
1033,2025-03-27,投信,売,9006,11958
1305,2025-03-23,預金,買,9998,69653
1400,2025-04-06,預金,売,9068,125517
1402,2025-04-09,預金,買,9999,123476
1081,2025-03-17,預金,買,9998,72819
1157,2025-03-01,預金,買,9998,153553
1230,2025-03-28,投信,売,9998,15147
1422,2025-03-13,預金,買,9083,23745
1013,2025-04-27,投信,買,9998,20013
1160,2025-04-17,預金,買,9999,126642
1037,2025-04-09,預金,売,9024,116642
1339,2025-04-16,預金,売,9999,46910
1257,2025-03-07,投信,売,9998,15546
1116,2025-04-28,預金,売,9008,39303
1198,2025-03-09,預金,売,9999,78607
1476,2025-03-18,投信,売,9998,17938
1063,2025-03-21,預金,売,9998,22821
1268,2025-04-06,預金,売,9999,105232
1425,2025-04-12,投信,売,9002,5581
1183,2025-03-21,預金,売,9008,121714
1411,2025-04-29,投信,買,9999,34638
1272,2025-03-04,投信,買,9080,6158
1158,2025-03-22,預金,買,9999,148804
1372,2025-04-02,投信,買,9998,38487
1191,2025-04-02,預金,買,9028,106063
1144,2025-04-04,預金,買,9999,102897
1312,2025-04-26,投信,売,9998,9965
1275,2025-04-15,預金,買,9999,39576
1116,2025-04-13,投信,売,9028,23917
1474,2025-03-17,預金,買,9998,1583
1278,2025-03-30,預金,売,9999,63393
1372,2025-04-14,預金,売,9078,30428
1211,2025-03-15,預金,買,9998,42742
1341,2025-04-13,投信,買,9022,29250
1173,2025-03-01,投信,買,9998,71585
1176,2025-03-22,投信,買,9080,59270
1377,2025-04-13,投信,売,9085,13952
1340,2025-04-16,預金,買,9007,47491
1297,2025-03-09,預金,買,9066,20579
1317,2025-04-03,預金,売,9044,109035
1159,2025-03-31,預金,売,9998,105232
1089,2025-04-22,投信,売,9089,12756
1420,2025-03-07,預金,買,9999,150387
1240,2025-04-23,投信,買,9077,56960
1344,2025-04-20,預金,買,9999,158302
1026,2025-03-04,預金,買,9002,134557
1039,2025-03-24,預金,買,9998,30077
1407,2025-03-15,預金,買,9002,28494
1087,2025-03-19,投信,買,9999,17704
1339,2025-03-03,預金,買,9998,139306
1427,2025-03-24,投信,買,9998,66197
1217,2025-03-14,投信,買,9045,70816
1275,2025-03-05,投信,買,9999,29250
1176,2025-04-17,投信,買,9077,5388
1247,2025-03-26,投信,売,9998,21127
1327,2025-03-13,投信,買,9008,27710
1177,2025-03-01,預金,売,9047,24089
1271,2025-04-13,投信,売,9999,39862
1440,2025-04-19,投信,売,9999,22721
1017,2025-03-23,投信,買,9091,13085
1072,2025-04-27,預金,売,9998,110303
1175,2025-04-19,投信,買,9003,6928
1323,2025-04-13,預金,買,9998,69653
1462,2025-03-01,預金,買,9028,44325
1384,2025-04-14,投信,買,9076,31559
1432,2025-03-11,預金,買,9093,118727
1014,2025-04-25,預金,買,9999,42742
1262,2025-03-26,預金,売,9999,48178
1359,2025-04-10,投信,売,9085,5979
1265,2025-03-10,投信,買,9099,21553
1189,2025-04-18,投信,売,9082,4783
1329,2025-04-20,預金,売,9071,97624
1405,2025-04-07,投信,売,9998,4385
1256,2025-04-25,投信,買,9998,43875
1080,2025-03-28,預金,買,9048,52240
1361,2025-03-24,投信,買,9083,60039
1211,2025-03-13,投信,売,9999,10364
1373,2025-04-06,預金,売,9054,32964
1220,2025-04-05,投信,売,9084,14749
1305,2025-03-10,預金,売,9069,8875
1326,2025-04-24,投信,買,9077,2309
1209,2025-03-27,預金,買,9998,147221
1267,2025-03-15,預金,売,9093,22821
1018,2025-04-19,投信,売,9998,4783
1209,2025-03-25,投信,売,9026,36274
1231,2025-03-04,預金,売,9008,121714
1125,2025-04-17,預金,買,9099,12664
1065,2025-04-30,預金,売,9998,20286
1067,2025-03-18,預金,売,9999,84946
1398,2025-04-11,投信,買,9046,10776
1450,2025-03-10,預金,売,9999,11411
1175,2025-03-24,投信,買,9999,39256
1149,2025-03-24,投信,売,9999,17539
1167,2025-03-01,投信,売,9038,7972
1225,2025-03-14,投信,買,9089,59270
1248,2025-03-16,預金,売,9090,71000
1117,2025-03-13,投信,売,9034,2392
1127,2025-04-01,投信,買,9022,56960
1493,2025-04-07,投信,買,9041,35408
1303,2025-03-26,投信,買,9998,11546
1413,2025-04-27,預金,買,9999,109229
1251,2025-03-03,投信,売,9095,19134
1116,2025-04-08,投信,買,9999,33868
1095,2025-04-30,投信,売,9998,31092
1368,2025-04-26,預金,売,9095,27893
1461,2025-04-07,預金,売,9028,15214
1300,2025-04-17,預金,売,9998,72267
1440,2025-04-29,投信,買,9999,18474
1140,2025-03-05,預金,買,9078,36410
1497,2025-03-31,預金,売,9998,117910
1450,2025-03-13,預金,売,9098,15214
1349,2025-03-27,投信,買,9005,47724
1102,2025-03-08,投信,売,9998,27106
1300,2025-04-17,投信,売,9020,31491
1382,2025-03-20,預金,買,9999,11081
1173,2025-04-16,投信,売,9998,29498
1344,2025-03-14,投信,売,9038,32288
1175,2025-03-18,投信,買,9057,63118
1426,2025-04-14,預金,買,9037,77568
1472,2025-03-17,預金,買,9999,75985
1419,2025-04-27,預金,買,9070,50657
1182,2025-03-17,投信,買,9093,21553
1085,2025-04-14,投信,買,9998,9237
1288,2025-03-19,投信,買,9998,36178
1100,2025-04-07,預金,売,9004,107767
1007,2025-03-28,預金,買,9998,110812
1010,2025-03-17,投信,買,9999,45414
1478,2025-04-21,投信,売,9998,17938
1177,2025-04-18,投信,買,9039,48493
1045,2025-03-04,投信,売,9070,15147
1460,2025-03-14,投信,売,9031,25113
1329,2025-03-11,投信,売,9999,13553
1423,2025-04-05,投信,買,9006,56191
1193,2025-04-17,預金,売,9999,6339
1109,2025-04-15,預金,売,9998,95089
1103,2025-03-12,預金,売,9999,0
1088,2025-04-20,投信,売,9999,13154
1000,2025-04-11,投信,売,9086,36274
1232,2025-03-08,投信,売,9999,21525
1016,2025-03-15,投信,売,9015,32686
1121,2025-03-09,投信,買,9039,63118
1128,2025-03-30,預金,売,9058,98892
1293,2025-04-02,投信,買,9998,42335
1241,2025-04-16,投信,売,9999,19532
1412,2025-03-10,預金,売,9998,116642
1200,2025-03-13,預金,売,9998,8875
1050,2025-04-27,投信,買,9999,63888
1450,2025-04-10,預金,売,9999,27893
1010,2025-03-15,預金,売,9999,121714
1038,2025-03-28,預金,買,9062,33244
1289,2025-04-18,預金,売,9024,112839
1110,2025-03-19,預金,売,9029,92553
1131,2025-03-10,投信,買,9063,67737
1379,2025-04-18,投信,買,9049,15395
1017,2025-03-10,投信,売,9999,2790
1236,2025-04-13,預金,買,9999,41159
1238,2025-04-24,投信,売,9999,39463
1216,2025-04-14,投信,買,9088,74664
1133,2025-04-25,預金,売,9096,7607
1418,2025-03-11,預金,売,9017,68464
1465,2025-04-29,預金,買,9998,20579
1131,2025-04-08,投信,買,9999,13855
1482,2025-03-26,投信,売,9061,19532
1308,2025-04-24,投信,売,9999,33085
1127,2025-03-27,預金,売,9017,7607
1332,2025-03-18,預金,買,9998,96565
1367,2025-03-05,預金,買,9010,14247
1093,2025-03-24,投信,売,9998,29099
1056,2025-03-06,預金,売,9042,120446
1300,2025-03-03,預金,売,9999,112839
1100,2025-04-16,預金,売,9095,78607
1276,2025-04-02,投信,売,9999,25910
1092,2025-03-04,預金,売,9041,1268
1017,2025-03-28,預金,買,9998,129808
1232,2025-03-02,預金,買,9999,120310
1015,2025-04-29,預金,売,9999,19018
1419,2025-04-06,投信,買,9011,28480
1310,2025-04-13,投信,買,9998,10007
1103,2025-04-11,投信,売,9998,8770
1396,2025-03-12,預金,売,9012,110303
1310,2025-03-08,預金,買,9000,1583
1442,2025-04-30,預金,売,9999,86214
1115,2025-04-07,預金,買,9999,71236
1340,2025-03-16,預金,売,9010,63393
1211,2025-04-17,投信,売,9087,29498
1247,2025-04-30,投信,買,9999,48493
1208,2025-03-27,預金,買,9084,60155
1098,2025-04-16,投信,売,9032,35875
1159,2025-03-19,預金,売,9999,39303
1275,2025-03-04,預金,売,9999,40571
1406,2025-03-31,投信,買,9071,28480
1413,2025-04-13,預金,買,9998,17413
1118,2025-04-30,預金,売,9998,24089
1050,2025-04-14,投信,売,9035,14350
1351,2025-04-27,投信,売,9001,31889
1224,2025-04-18,投信,買,9050,21553
1316,2025-04-23,投信,売,9000,21924
1060,2025-03-18,預金,買,9034,128225
1027,2025-04-18,投信,売,9065,33484
1319,2025-04-13,投信,買,9999,43105
1081,2025-04-02,預金,売,9999,119178
1173,2025-03-28,預金,買,9066,26911
1221,2025-04-27,預金,買,9087,110812
1484,2025-04-25,投信,売,9076,32288
1169,2025-04-23,投信,買,9061,16934
1270,2025-04-30,投信,売,9999,21924
1114,2025-04-25,預金,売,9999,101428
1021,2025-04-11,投信,買,9036,50803
1023,2025-04-10,預金,売,9998,115374
1056,2025-04-23,預金,買,9999,158302
1176,2025-03-24,投信,買,9999,10776
1385,2025-03-18,投信,売,9027,17938
1211,2025-03-21,預金,買,9999,128225
1180,2025-03-19,預金,買,9999,118727
1113,2025-03-08,預金,買,9014,99731
1401,2025-04-28,投信,買,9064,26941
1129,2025-04-16,投信,買,9998,9237
1115,2025-03-15,預金,買,9999,82317
1073,2025-04-29,預金,売,9049,124249
1418,2025-03-03,預金,売,9999,22821
1392,2025-03-21,投信,買,9083,43875
1433,2025-04-19,投信,買,9076,70816
1160,2025-04-03,預金,買,9077,66487
1467,2025-04-19,投信,売,9058,19931
1456,2025-03-22,投信,売,9998,39862
1109,2025-03-01,預金,売,9999,95089
1227,2025-04-07,投信,売,9998,1993
1239,2025-04-09,預金,売,9999,43107
1133,2025-03-07,預金,売,9098,83678
1345,2025-04-29,預金,売,9041,76071
1085,2025-03-08,預金,買,9998,117144
1398,2025-03-16,投信,売,9999,25910
1429,2025-03-21,投信,売,9998,399
1226,2025-04-12,預金,売,9059,35500
1270,2025-03-08,投信,買,9998,37717
1089,2025-04-06,投信,売,9998,13154
1304,2025-03-11,預金,買,9005,23745
1461,2025-04-25,預金,買,9999,128225
1320,2025-04-30,投信,買,9038,25401
1175,2025-04-22,預金,買,9999,123476
1467,2025-04-28,投信,買,9005,13855
1196,2025-03-22,預金,売,9998,76071
1417,2025-03-04,投信,売,9036,32686
1244,2025-03-21,預金,買,9998,53823
1310,2025-03-14,預金,買,9999,87066
1036,2025-03-31,投信,売,9999,17140
1290,2025-04-12,投信,売,9020,37071
1010,2025-04-07,預金,買,9999,158302
1290,2025-03-15,預金,売,9046,100160
1246,2025-03-28,投信,売,9003,33085
1181,2025-04-27,預金,買,9078,129808
1345,2025-03-02,預金,売,9999,96357
1105,2025-04-13,投信,売,9002,17938
1188,2025-03-30,預金,買,9998,14247
1114,2025-04-18,預金,買,9998,7915
1116,2025-04-23,預金,買,9998,101314
1080,2025-03-22,預金,売,9998,40571
1328,2025-04-14,預金,買,9088,85483
1078,2025-04-06,投信,買,9998,21553
1191,2025-03-09,投信,買,9015,44645
1132,2025-03-23,預金,買,9999,37993
1364,2025-03-20,預金,売,9998,22821
1435,2025-03-04,預金,売,9998,19018
1161,2025-03-28,預金,買,9999,107646
1120,2025-04-16,投信,売,9014,17938
1388,2025-03-04,投信,売,9037,0
1291,2025-03-21,預金,買,9999,90232
1158,2025-03-19,預金,売,9035,41839
1005,2025-04-25,投信,買,9998,39256
1286,2025-03-12,投信,買,9999,40796
1205,2025-04-28,預金,売,9074,57053
1003,2025-03-21,預金,売,9998,29161
1277,2025-04-12,預金,買,9070,25328
1091,2025-04-01,預金,売,9999,76071
1357,2025-03-29,預金,売,9063,102696
1100,2025-04-08,投信,売,9998,6378
1118,2025-04-29,預金,売,9998,22821
1050,2025-04-08,投信,売,9999,3986
1496,2025-04-04,預金,買,9019,72819
1362,2025-03-29,投信,売,9999,24316
1307,2025-03-29,投信,買,9999,60039
1034,2025-04-30,投信,売,9998,27903
1302,2025-03-05,預金,売,9999,74803
1259,2025-03-06,預金,売,9018,81142
1252,2025-03-24,投信,買,9058,50033
1203,2025-03-29,投信,売,9041,10763
1130,2025-03-01,投信,売,9999,36673
1071,2025-03-22,投信,買,9999,9237
1130,2025-03-12,投信,買,9053,59270
1262,2025-03-08,投信,買,9071,13855
1457,2025-03-18,預金,売,9999,38036
1213,2025-03-19,投信,売,9999,4385
1008,2025-04-03,投信,売,9079,8371
1495,2025-04-12,投信,売,9059,4385
1380,2025-04-12,投信,売,9062,39064
1250,2025-04-15,預金,買,9078,96565
1120,2025-04-24,投信,買,9073,23862
1041,2025-04-18,投信,買,9998,18474
1181,2025-03-27,預金,売,9999,5071
1434,2025-04-16,預金,売,9999,81142
1131,2025-04-26,投信,売,9016,5979
1397,2025-04-23,預金,売,9998,68464
1296,2025-04-17,投信,買,9026,14625
1239,2025-03-30,預金,買,9091,64904
1417,2025-04-26,投信,売,9061,23518
1194,2025-03-26,預金,売,9090,120446
1192,2025-04-22,投信,買,9085,20783
1313,2025-03-03,預金,売,9027,72267
1161,2025-04-16,投信,買,9999,50033
1389,2025-04-17,預金,買,9025,61738
1286,2025-03-31,預金,売,9065,77339
1438,2025-03-17,預金,買,9999,63321
1290,2025-04-17,預金,買,9998,137723
1276,2025-04-07,預金,売,9998,88750
1160,2025-03-09,投信,売,9999,2392
1186,2025-04-19,投信,売,9041,36673
1310,2025-03-25,投信,売,9998,17140
1480,2025-04-21,預金,買,9999,139306
1238,2025-04-19,投信,売,9038,19134
1280,2025-04-27,投信,買,9999,33099
1256,2025-03-21,投信,買,9998,54651
1462,2025-03-26,投信,買,9998,23862
1102,2025-04-26,投信,売,9017,31491
1299,2025-03-14,投信,売,9999,27504
1139,2025-04-05,預金,売,9039,98892
1199,2025-03-16,預金,買,9065,85483
1329,2025-03-03,投信,売,9999,13553
1158,2025-03-19,投信,買,9999,20013
1358,2025-03-29,預金,売,9090,96357
1490,2025-04-23,預金,売,9999,71000
1460,2025-04-25,投信,売,9998,31491
1072,2025-03-24,投信,売,9031,14749
1057,2025-04-06,投信,売,9001,5182
1321,2025-03-01,預金,買,9034,118727
1000,2025-04-24,投信,売,9055,25511
1447,2025-03-26,預金,売,9083,68464
1131,2025-03-30,投信,売,9999,22721
1068,2025-04-06,投信,買,9082,35408
1344,2025-03-28,預金,売,9020,96357
1127,2025-04-02,預金,買,9035,20579
1002,2025-04-04,投信,売,9049,2392
1273,2025-04-22,投信,売,9008,22322
1464,2025-03-03,預金,売,9064,114107
1362,2025-03-23,預金,買,9999,42742
1062,2025-04-16,預金,売,9067,105232
1003,2025-04-22,預金,売,9998,50714
1003,2025-03-21,預金,買,9047,52240
1141,2025-04-30,投信,買,9998,28480
1341,2025-04-05,預金,買,9038,109229
1385,2025-03-11,投信,売,9056,16343
1463,2025-03-25,投信,売,9017,39862
1033,2025-04-06,預金,売,9073,111571
1269,2025-04-16,預金,売,9998,69732
1141,2025-03-08,投信,売,9999,6776
1438,2025-03-13,預金,売,9998,62125
1357,2025-04-28,投信,買,9074,41566
1268,2025-04-06,投信,買,9043,26941
1145,2025-04-10,預金,売,9096,122981
1496,2025-04-13,投信,売,9999,27106
1436,2025-04-11,預金,買,9066,102897
1461,2025-04-04,預金,買,9035,9498
1094,2025-04-06,投信,買,9998,13085
1397,2025-03-30,預金,買,9999,137723
1405,2025-03-28,投信,売,9099,21924
1056,2025-03-31,投信,売,9016,27504
1121,2025-04-09,投信,買,9998,60809
1150,2025-04-11,預金,売,9998,91285
1001,2025-04-19,預金,売,9035,109035
1323,2025-04-26,投信,買,9998,46184
1337,2025-04-18,投信,売,9015,10763
1050,2025-04-03,投信,売,9998,3588
1230,2025-04-28,預金,買,9998,15830
1429,2025-04-15,投信,買,9999,7697
1117,2025-04-14,預金,買,9054,31660
1106,2025-04-01,預金,買,9998,68070
1365,2025-04-23,預金,買,9999,99731
1051,2025-03-03,預金,買,9998,144055
1142,2025-03-31,預金,買,9037,28494
1276,2025-04-02,投信,買,9999,25401
1239,2025-04-04,投信,買,9021,33868
1365,2025-04-26,投信,買,9998,40796
1076,2025-03-29,投信,買,9999,67737
1107,2025-03-05,預金,買,9999,7915
1248,2025-04-02,預金,買,9039,145638
1115,2025-03-26,投信,買,9050,34638
1267,2025-04-27,投信,売,9007,19134
1336,2025-04-10,預金,売,9998,76071
1055,2025-04-26,投信,買,9999,35408
1121,2025-03-02,預金,売,9998,64660
1153,2025-03-06,投信,買,9999,64658
1062,2025-03-14,投信,買,9095,65427
1367,2025-03-06,預金,売,9089,12679
1354,2025-03-07,投信,売,9998,28302
1390,2025-04-23,預金,買,9998,148804
1027,2025-03-06,預金,買,9998,0
1366,2025-03-20,預金,売,9027,111571
1304,2025-03-31,預金,買,9998,117144
1004,2025-03-07,預金,買,9033,142472
1161,2025-04-20,投信,買,9999,15395
1082,2025-04-05,投信,売,9082,33085
1489,2025-04-13,預金,買,9998,17413
1321,2025-03-18,投信,売,9058,32288
1293,2025-04-05,預金,買,9002,150387
1440,2025-04-19,投信,買,9999,70816
1040,2025-04-16,投信,買,9099,13855
1076,2025-03-11,預金,売,9040,91285
1028,2025-04-09,投信,売,9999,34281
1456,2025-04-10,預金,買,9999,36410
1169,2025-03-07,投信,買,9998,19243
1009,2025-04-20,投信,買,9002,20013
1460,2025-04-06,投信,売,9998,18735
1073,2025-04-28,投信,買,9999,36947
1094,2025-04-03,投信,売,9021,21924
1285,2025-04-18,預金,買,9998,50657
1196,2025-03-20,投信,売,9998,33484
1186,2025-04-19,預金,買,9044,17413
1461,2025-04-14,預金,売,9072,91285
1278,2025-04-02,投信,買,9998,5388
1362,2025-03-06,預金,売,9998,119178
1395,2025-03-03,預金,買,9998,107646
1290,2025-04-16,投信,買,9014,70046
1357,2025-03-15,預金,売,9072,3804
1191,2025-03-04,預金,売,9999,110303
1401,2025-03-24,投信,売,9094,20728
1218,2025-04-15,投信,売,9034,24316
1072,2025-04-05,投信,買,9998,30020
1150,2025-03-20,投信,売,9044,9965
1451,2025-04-25,投信,売,9999,9567
1002,2025-03-24,投信,売,9041,13154
1337,2025-03-11,預金,買,9081,109229
1247,2025-04-20,投信,買,9999,68506
1115,2025-04-16,預金,買,9068,75985
1194,2025-03-19,預金,売,9099,22821
1193,2025-03-29,預金,買,9998,75985
1113,2025-03-15,預金,売,9999,11411
1442,2025-03-05,預金,売,9999,74803
1325,2025-03-02,投信,売,9999,14350
1333,2025-03-27,投信,売,9998,35078
1118,2025-04-08,預金,買,9079,139306
1396,2025-03-13,預金,買,9998,107646
1217,2025-04-04,投信,売,9998,2790
1231,2025-03-24,預金,買,9015,107646
1432,2025-04-17,投信,売,9038,17140
1420,2025-03-05,預金,売,9009,32964
1450,2025-03-02,投信,買,9998,10776
1474,2025-04-11,預金,買,9049,11081
1064,2025-03-07,預金,買,9998,102897
1472,2025-03-12,投信,買,9081,62349
1058,2025-04-25,預金,買,9999,9498
1285,2025-04-17,預金,買,9999,131391
1185,2025-03-07,投信,買,9999,39256
1049,2025-03-20,預金,売,9070,3804
1330,2025-03-07,預金,買,9088,131391
1393,2025-03-19,預金,売,9999,31696
1187,2025-03-28,預金,買,9033,87066
1139,2025-04-11,預金,買,9099,156719
1251,2025-03-09,投信,買,9999,65427
1087,2025-03-08,投信,買,9021,48493
1247,2025-04-19,預金,買,9099,120310
1066,2025-03-07,投信,買,9998,37717
1312,2025-03-18,預金,買,9998,101314
1388,2025-03-14,投信,買,9070,66197
1392,2025-03-31,投信,買,9061,52342
1287,2025-04-09,投信,買,9998,69276
1383,2025-03-07,投信,売,9068,399
1406,2025-03-17,預金,買,9069,60155
1222,2025-03-28,投信,買,9998,13855
1317,2025-04-09,投信,買,9043,32329
1375,2025-03-08,預金,売,9999,26625
1129,2025-03-11,預金,売,9021,86214
1092,2025-03-20,預金,買,9048,101314
1292,2025-03-25,投信,買,9998,73125
1008,2025-04-12,投信,買,9999,30020
1066,2025-04-27,投信,買,9064,32329
1047,2025-03-11,預金,買,9083,129808
1196,2025-03-16,投信,売,9079,29099
1473,2025-04-10,預金,買,9077,150387
1383,2025-04-07,投信,買,9998,61579
1317,2025-04-02,預金,買,9054,156719
1150,2025-04-12,投信,売,9055,2392
1362,2025-04-02,預金,買,9012,102897
1066,2025-03-02,投信,買,9998,19243
1219,2025-04-10,投信,売,9015,33484
1072,2025-04-24,預金,売,9999,10143
1291,2025-03-16,投信,売,9048,25910
1150,2025-04-22,投信,買,9999,60809
1442,2025-04-05,投信,買,9035,13855
1105,2025-04-14,預金,売,9998,119178
1295,2025-04-21,預金,買,9072,22162
1217,2025-04-01,預金,売,9066,5071
1286,2025-04-06,投信,売,9999,2392
1495,2025-03-11,預金,売,9020,57053
1278,2025-03-16,預金,売,9054,20286
1295,2025-04-14,預金,売,9998,103964
1068,2025-04-05,投信,売,9998,2790
1491,2025-04-15,投信,売,9998,23518
1117,2025-04-01,預金,売,9052,114107
1047,2025-03-11,預金,買,9047,22162
1291,2025-04-16,預金,買,9081,98148
1003,2025-03-22,投信,売,9999,17539
1256,2025-03-30,投信,売,9067,26309
1490,2025-04-08,預金,売,9092,78607
1170,2025-04-30,預金,買,9027,25328
1250,2025-04-25,預金,買,9062,128225
1123,2025-04-14,投信,買,9998,49263
1079,2025-03-23,投信,買,9999,64658
1091,2025-03-13,投信,買,9999,13085
1044,2025-03-06,投信,売,9021,38666
1344,2025-04-17,投信,買,9999,69276
1268,2025-04-18,預金,売,9999,119178
1360,2025-04-20,投信,買,9999,64658
1017,2025-03-29,預金,売,9099,1268
1325,2025-03-16,投信,売,9034,28302
1432,2025-04-06,投信,買,9999,58500
1275,2025-03-03,投信,売,9998,33484
1166,2025-04-30,預金,買,9096,126642
1462,2025-03-19,預金,買,9999,25328
1110,2025-03-05,預金,売,9998,96357
1377,2025-03-17,投信,売,9999,22322
1491,2025-04-23,投信,買,9999,58500
1236,2025-04-01,投信,買,9999,58500
1261,2025-04-15,預金,売,9999,57053
1262,2025-03-01,預金,売,9999,21553
1049,2025-04-25,投信,売,9056,797
1148,2025-04-25,預金,売,9085,76071
1205,2025-04-20,投信,売,9092,797
1416,2025-04-12,投信,売,9077,11560
1250,2025-04-27,預金,売,9035,12679
1392,2025-04-30,投信,買,9004,33099
1288,2025-03-07,投信,買,9998,63888
1084,2025-03-17,預金,売,9050,30428
1035,2025-03-22,預金,買,9021,74402
1403,2025-04-26,預金,売,9027,81142
1391,2025-04-13,投信,売,9018,18735
1084,2025-03-18,預金,売,9998,110303
1364,2025-03-02,投信,買,9999,13855
1452,2025-03-24,投信,買,9999,9237
1120,2025-03-22,投信,売,9999,2790
1172,2025-04-27,投信,買,9014,42335
1290,2025-04-15,投信,売,9015,36274
1110,2025-04-22,投信,買,9000,54651
1226,2025-04-05,投信,買,9998,23862
1475,2025-03-31,預金,売,9998,16482
1261,2025-03-26,預金,買,9071,20579
1276,2025-04-23,預金,売,9999,119178
1136,2025-03-26,預金,買,9015,49074
1160,2025-03-02,投信,売,9998,32686
1242,2025-04-23,預金,買,9063,41159
1135,2025-03-21,預金,売,9038,59589
1312,2025-03-15,投信,買,9998,67737
1102,2025-04-18,投信,買,9030,33868
1287,2025-03-30,投信,買,9040,61579
1116,2025-03-03,投信,売,9999,27106
1139,2025-04-26,預金,買,9999,25328
1171,2025-04-11,預金,買,9028,39576
1408,2025-03-09,投信,売,9998,34281
1042,2025-04-23,預金,買,9999,131391
1353,2025-04-10,投信,売,9999,13154
1193,2025-03-29,預金,売,9998,46910
1259,2025-03-12,預金,買,9998,90232
1214,2025-04-13,預金,売,9055,27893
1472,2025-03-01,預金,買,9007,44325
1456,2025-03-26,投信,売,9010,14749
1412,2025-03-05,預金,買,9007,36410
1085,2025-04-26,投信,買,9090,61579
1480,2025-04-25,投信,売,9999,13553
1406,2025-04-14,預金,売,9088,53250
1318,2025-03-15,預金,買,9017,79151
1165,2025-03-21,投信,買,9999,54651
1110,2025-03-19,預金,買,9998,52240
1353,2025-04-16,預金,売,9069,40571
1449,2025-03-14,投信,売,9998,27903
1478,2025-04-06,投信,買,9018,46184
1078,2025-04-24,預金,売,9004,79875
1239,2025-04-03,預金,買,9999,36410
1405,2025-03-10,預金,買,9079,30077
1049,2025-03-26,預金,買,9071,33244
1112,2025-04-21,投信,買,9016,3849
1343,2025-03-05,投信,買,9998,69276
1406,2025-04-07,預金,買,9028,101314
1312,2025-03-04,投信,買,9079,41566
1148,2025-04-24,預金,売,9041,44375
1398,2025-03-03,預金,買,9999,12664
1060,2025-04-07,投信,売,9037,27903
1187,2025-04-28,投信,売,9064,3588
1337,2025-03-03,投信,売,9998,26707
1283,2025-04-11,預金,売,9014,95089
1033,2025-04-10,投信,買,9998,38487
1355,2025-03-11,投信,売,9998,37470
1105,2025-04-18,投信,買,9016,21553
1398,2025-03-18,投信,売,9015,7574
1489,2025-03-17,預金,売,9000,46910
1210,2025-03-18,投信,買,9046,66967
1280,2025-03-22,預金,売,9006,30428
1116,2025-04-07,投信,売,9998,37071
1357,2025-04-24,預金,買,9998,36410
1384,2025-03-07,投信,売,9999,4385
1463,2025-03-18,預金,売,9068,95089
1436,2025-04-19,投信,売,9026,35875
1243,2025-03-03,預金,売,9999,103964
1130,2025-03-20,投信,売,9998,8770
1334,2025-03-28,預金,買,9999,74402
1472,2025-04-11,投信,買,9999,4618
1060,2025-03-15,投信,売,9050,18336
1463,2025-04-15,預金,買,9998,75985
1028,2025-04-22,預金,売,9063,119178
1226,2025-04-14,投信,売,9999,38267
1171,2025-03-18,預金,買,9999,134557
1192,2025-04-27,預金,買,9056,3166
1162,2025-03-07,預金,売,9998,109035
1241,2025-04-15,投信,買,9089,53112
1458,2025-04-30,投信,売,9099,30295
1397,2025-04-20,預金,売,9998,22821
1186,2025-04-04,投信,買,9040,54651
1175,2025-03-13,投信,売,9999,17938
1380,2025-03-10,投信,売,9003,11958
1392,2025-04-06,投信,買,9014,770
1341,2025-03-06,預金,売,9999,76071
1482,2025-03-23,預金,売,9068,73535
1489,2025-04-19,預金,売,9999,8875
1195,2025-03-19,預金,買,9066,123476
1151,2025-04-21,投信,買,9023,70816
1367,2025-04-08,預金,買,9999,104480
1150,2025-04-06,投信,買,9999,13855
1444,2025-04-25,預金,売,9998,11411
1482,2025-03-20,預金,買,9998,1583
1212,2025-03-17,預金,買,9029,102897
1475,2025-03-24,預金,買,9998,4749
1116,2025-04-15,投信,買,9998,56191
1282,2025-03-30,投信,売,9999,38666
1306,2025-03-07,預金,買,9080,120310
1354,2025-03-23,預金,買,9998,128225
1404,2025-03-20,投信,買,9998,66967
1325,2025-03-24,投信,売,9998,25113
1031,2025-04-07,投信,売,9050,26707
1105,2025-04-21,預金,買,9086,22162
1082,2025-04-14,投信,売,9037,6776
1153,2025-03-17,投信,売,9098,797
1207,2025-03-13,投信,売,9007,19931
1466,2025-03-17,預金,売,9068,68464
1327,2025-03-06,預金,買,9998,25328
1479,2025-03-25,投信,買,9082,10776
1446,2025-04-11,預金,買,9076,131391
1310,2025-04-16,投信,買,9012,64658
1401,2025-03-21,預金,売,9999,81142
1272,2025-04-08,投信,売,9999,27504
1000,2025-03-22,投信,売,9017,1993
1025,2025-03-18,預金,買,9998,14247
1270,2025-03-14,投信,買,9998,46954
1406,2025-04-20,投信,買,9999,42335
1217,2025-04-09,投信,買,9085,69276
1211,2025-03-26,投信,売,9998,34281
1119,2025-04-02,投信,買,9077,21553
1200,2025-04-22,投信,売,9011,14749
1312,2025-04-28,投信,買,9999,16164
1461,2025-04-26,預金,売,9021,76071
1044,2025-03-03,投信,売,9035,31092
1275,2025-03-14,投信,買,9998,62349
1498,2025-04-14,投信,買,9998,6158
1178,2025-03-20,投信,売,9039,34281
1487,2025-04-15,預金,買,9998,107646
1247,2025-04-06,投信,売,9035,10763
1429,2025-04-02,投信,売,9033,15546
1484,2025-03-30,預金,買,9999,91815
1295,2025-04-29,投信,売,9998,14749
1226,2025-04-06,投信,買,9070,3079
1284,2025-04-20,投信,売,9998,35875
1429,2025-03-26,預金,買,9015,55406
1123,2025-04-17,投信,買,9998,46184
1217,2025-04-15,投信,売,9999,38267
1124,2025-03-29,預金,売,9999,27893
1177,2025-04-09,預金,買,9013,158302
1263,2025-04-16,投信,売,9036,21525
1220,2025-03-08,投信,売,9009,3588
1230,2025-04-12,預金,売,9003,12679
1079,2025-03-28,投信,売,9999,23518
1220,2025-04-05,預金,買,9998,136140
1212,2025-03-20,預金,売,9999,5071
1239,2025-03-18,預金,売,9999,119178
1464,2025-03-11,預金,売,9999,107767
1237,2025-04-10,投信,買,9998,54651
1091,2025-04-28,投信,買,9998,13085
1278,2025-03-31,投信,買,9098,45414
1164,2025-04-24,投信,買,9998,58500
1252,2025-03-29,預金,買,9062,25328
1448,2025-04-07,預金,買,9999,22162
1493,2025-04-05,投信,買,9998,70046
1313,2025-04-27,預金,買,9000,69653
1438,2025-03-29,預金,売,9999,111571
1469,2025-03-28,預金,売,9062,69732
1399,2025-03-29,預金,買,9007,36410
1175,2025-04-07,預金,買,9998,82317
1328,2025-03-11,預金,売,9999,19018
1277,2025-04-06,投信,買,9998,6928
1428,2025-03-01,投信,買,9999,26941
1213,2025-03-28,預金,売,9040,67196
1179,2025-04-16,預金,売,9092,16482
1033,2025-03-02,投信,売,9999,35477
1276,2025-04-22,投信,買,9999,20013
1063,2025-03-06,投信,売,9998,35875
1268,2025-03-11,投信,売,9053,11560
1144,2025-03-13,預金,売,9998,43107
1128,2025-04-03,預金,売,9012,74803
1306,2025-03-14,預金,買,9999,26911
1430,2025-04-19,投信,買,9999,20783
1253,2025-04-08,預金,買,9999,148804
1258,2025-04-30,預金,売,9998,117910
1030,2025-03-10,預金,買,9031,145638
1320,2025-03-06,預金,買,9999,58572
1378,2025-04-21,投信,売,9064,29896
1315,2025-03-09,預金,買,9998,87066
1246,2025-03-12,投信,買,9010,10007
1267,2025-04-27,投信,買,9036,49263
1282,2025-03-21,預金,買,9998,142472
1013,2025-03-15,預金,買,9998,39576
1165,2025-03-10,預金,売,9998,79875
1033,2025-04-05,投信,買,9024,52342
1185,2025-03-29,預金,買,9095,94981
1057,2025-04-04,投信,売,9998,31889
1139,2025-04-06,投信,買,9999,74664
1337,2025-03-20,投信,買,9061,46184
1227,2025-03-26,投信,売,9045,19532
1071,2025-03-11,投信,買,9010,52342
1001,2025-04-17,投信,売,9998,27504
1224,2025-03-06,投信,売,9998,31889
1221,2025-04-06,預金,買,9998,110812
1454,2025-03-19,投信,売,9998,17539
1279,2025-03-11,預金,買,9999,34827
1020,2025-04-24,投信,売,9033,30295
1460,2025-04-26,投信,売,9998,35477
1375,2025-03-29,投信,買,9008,50033
1279,2025-04-16,預金,売,9066,91285
1359,2025-03-09,投信,買,9999,65427
1228,2025-04-06,投信,売,9089,35477
1101,2025-04-12,預金,売,9998,5071
1373,2025-03-14,預金,売,9018,35500
1383,2025-04-26,投信,買,9052,53112
1474,2025-03-14,投信,売,9999,32686
1265,2025-03-31,預金,買,9027,129808
1381,2025-04-15,預金,売,9998,72267
1314,2025-03-04,投信,買,9998,8467
1003,2025-04-06,投信,買,9999,40026
1251,2025-03-12,預金,売,9999,121714
1294,2025-03-08,預金,買,9084,129808
1387,2025-03-26,投信,買,9005,50803
1142,2025-04-20,預金,買,9015,23745
1099,2025-04-07,投信,買,9998,5388
1177,2025-03-29,預金,売,9998,68464
1029,2025-04-27,預金,売,9999,69732
1242,2025-04-08,投信,売,9999,6378
1024,2025-04-05,投信,買,9088,19243
1152,2025-04-13,投信,買,9081,46954
1349,2025-04-10,投信,売,9087,34281
1061,2025-04-13,投信,買,9998,0
1209,2025-04-05,預金,買,9998,129808
1120,2025-04-13,投信,買,9070,42335
1365,2025-04-10,預金,買,9039,30077
1138,2025-03-31,投信,売,9052,25910
1184,2025-04-30,預金,買,9998,158302
1098,2025-04-05,投信,売,9998,12357
1372,2025-04-29,預金,買,9998,139306
1220,2025-04-01,投信,買,9998,33099
1116,2025-03-04,投信,買,9059,35408
1478,2025-04-26,預金,買,9999,47491
1227,2025-04-15,預金,買,9096,49074
1415,2025-04-25,預金,売,9999,91285
1243,2025-03-25,預金,売,9097,103964
1453,2025-03-04,投信,買,9045,44645
1293,2025-04-07,投信,買,9077,45414
1308,2025-04-02,預金,売,9001,100160
1030,2025-03-17,預金,買,9999,17413
1421,2025-04-30,預金,売,9998,24089
1083,2025-03-01,預金,買,9031,63321
1207,2025-04-13,投信,買,9999,29250
1082,2025-04-22,預金,買,9999,128225
1168,2025-03-01,投信,買,9018,18474
1420,2025-03-20,投信,売,9078,38666
1336,2025-04-29,投信,買,9015,49263
1253,2025-04-16,投信,買,9998,63118
1042,2025-03-26,投信,買,9999,14625
1435,2025-03-28,投信,買,9999,64658
1030,2025-03-01,預金,売,9998,13946
1351,2025-03-04,投信,買,9015,68506
1205,2025-04-06,預金,買,9998,0
1109,2025-03-14,投信,買,9999,35408
1124,2025-03-02,投信,買,9018,53112
1026,2025-03-21,預金,買,9045,22162
1090,2025-04-07,預金,売,9999,87482
1018,2025-04-10,預金,買,9998,31660
1216,2025-04-19,預金,買,9998,118727
1320,2025-04-02,預金,買,9044,23745
1474,2025-03-17,投信,買,9000,53881
1005,2025-04-09,預金,買,9022,93398
1359,2025-04-23,預金,買,9999,53823
1363,2025-04-09,投信,買,9999,60809
1033,2025-04-27,預金,買,9998,87066
1363,2025-04-29,預金,買,9999,101314
1162,2025-03-16,預金,売,9999,22821
1465,2025-04-27,投信,買,9998,70046
1017,2025-04-10,投信,買,9998,16934
1104,2025-03-12,預金,売,9999,54518
1254,2025-04-11,投信,買,9999,60809
1369,2025-03-12,預金,売,9998,87482
1282,2025-03-30,投信,買,9998,2309
1066,2025-04-28,投信,買,9049,67737
1418,2025-03-28,預金,買,9998,52240
1287,2025-04-04,預金,売,9065,53250
1182,2025-04-12,預金,売,9005,50714
1216,2025-03-25,投信,買,9999,26171
1496,2025-04-22,預金,買,9024,47491
1360,2025-04-24,投信,買,9998,13855
1279,2025-04-27,預金,売,9998,26625
1063,2025-04-16,預金,買,9998,115561
1147,2025-03-10,投信,買,9999,3079
1171,2025-03-02,預金,売,9080,124249
1332,2025-03-14,投信,売,9016,11560
1173,2025-04-12,預金,買,9999,49074
1326,2025-04-26,預金,売,9999,107767
1117,2025-04-11,預金,買,9026,125059
1110,2025-03-22,投信,買,9076,72355
1064,2025-04-30,投信,買,9999,64658
1071,2025-04-17,預金,売,9998,92553
1356,2025-04-15,預金,買,9998,28494
1372,2025-04-06,投信,買,9998,16164
1315,2025-03-01,預金,売,9023,34232
1259,2025-04-10,預金,買,9002,18996
1191,2025-04-15,預金,買,9998,99731
1272,2025-03-23,預金,買,9998,110812
1482,2025-03-08,投信,買,9999,69276
1087,2025-04-01,預金,売,9998,58321
1155,2025-04-05,投信,買,9061,63118
1148,2025-04-04,預金,買,9999,34827
1426,2025-04-12,預金,買,9998,37993
1338,2025-04-21,投信,売,9998,3588
1047,2025-03-02,投信,売,9004,18336
1158,2025-04-08,投信,買,9999,53112
1105,2025-03-07,預金,買,9088,145638
1080,2025-04-30,投信,売,9041,28700
1222,2025-04-01,預金,売,9998,88750
1419,2025-03-09,投信,買,9049,63888
1316,2025-03-01,預金,買,9010,144055
1494,2025-03-15,投信,売,9050,4783
1352,2025-03-09,投信,売,9998,37470
1298,2025-04-10,投信,売,9999,16742
1033,2025-03-27,投信,売,9016,38666
1435,2025-03-01,預金,買,9999,34827
1168,2025-03-02,預金,売,9998,88750
1412,2025-04-15,預金,売,9998,3804
1455,2025-03-10,預金,買,9999,126642
1390,2025-03-29,投信,買,9998,16164
1074,2025-03-19,投信,買,9012,43105
1139,2025-03-03,預金,買,9998,87066
1301,2025-03-21,投信,売,9000,5182
1182,2025-03-15,預金,買,9999,69653
1340,2025-03-14,預金,買,9999,142472
1447,2025-04-07,預金,買,9998,6332
1393,2025-03-05,預金,買,9998,60155
1427,2025-03-05,投信,買,9016,13855
1423,2025-03-05,投信,売,9007,22322
1092,2025-04-24,預金,売,9999,82410
1240,2025-03-12,預金,買,9039,121893
1072,2025-03-11,投信,買,9086,49263
1082,2025-03-22,投信,買,9089,58500
1320,2025-04-02,投信,買,9053,23862
1363,2025-03-13,投信,買,9999,70046
1227,2025-03-04,預金,買,9085,150387
1058,2025-03-10,預金,売,9998,82410
1151,2025-03-26,預金,売,9090,45643
1092,2025-04-27,投信,買,9045,75434
1436,2025-03-01,投信,売,9054,24316
1423,2025-03-10,預金,売,9021,65928
1465,2025-03-30,投信,買,9998,35408
1056,2025-03-08,投信,買,9004,28480
1091,2025-03-03,投信,買,9024,36947
1347,2025-03-14,預金,買,9012,79151
1077,2025-04-03,投信,売,9048,2392
1481,2025-03-06,預金,売,9094,86214
1492,2025-04-14,預金,売,9065,39303
1296,2025-03-16,投信,売,9999,22322
1215,2025-03-31,預金,売,9074,57053
1000,2025-03-22,投信,買,9998,26171
1352,2025-03-14,預金,売,9036,106499
1398,2025-03-14,投信,買,9998,2309
1141,2025-03-21,預金,売,9078,50714
1302,2025-03-11,投信,買,9999,36178
1047,2025-03-05,投信,売,9058,5182
1368,2025-04-29,預金,買,9998,63321
1161,2025-04-25,預金,買,9055,96565
1292,2025-03-13,預金,買,9084,3166
1499,2025-03-25,投信,買,9999,53881
1122,2025-03-18,投信,買,9999,15395
1468,2025-04-04,投信,買,9050,31559
1136,2025-03-17,預金,買,9041,139306
1106,2025-03-11,預金,買,9998,50657
1468,2025-04-24,投信,買,9999,36178
1315,2025-03-03,投信,売,9999,11560
1425,2025-04-01,投信,売,9033,4783
1151,2025-04-18,投信,買,9998,29250
1341,2025-04-11,投信,買,9998,53112
1060,2025-03-15,投信,買,9998,46954
1060,2025-03-18,預金,売,9999,50714
1490,2025-04-16,預金,買,9041,41159
1257,2025-04-26,投信,買,9998,66967
1028,2025-04-02,預金,買,9038,139306
1345,2025-04-02,投信,売,9999,29498
1355,2025-04-20,預金,買,9057,151970
1224,2025-03-29,投信,買,9068,52342
1352,2025-03-22,投信,売,9999,35875
1364,2025-04-12,投信,売,9999,37470
1096,2025-03-24,預金,買,9069,125059
1443,2025-03-10,投信,買,9998,26171
1467,2025-03-10,預金,売,9998,101428
1366,2025-04-01,投信,売,9998,23120
1016,2025-04-22,投信,売,9093,7972
1498,2025-03-14,投信,売,9998,29498
1025,2025-03-13,預金,売,9043,110303
1187,2025-03-03,預金,買,9998,118727
1260,2025-04-01,投信,買,9099,74664
1423,2025-04-03,預金,買,9091,120310
1160,2025-03-28,預金,買,9998,109229
1133,2025-03-02,投信,買,9999,43105
1315,2025-03-17,預金,買,9998,69653
1254,2025-03-03,預金,買,9000,61738
1364,2025-03-29,預金,売,9999,16482
1423,2025-04-04,預金,売,9998,78607
1075,2025-04-30,投信,買,9998,48493
1350,2025-03-10,投信,買,9029,10776
1015,2025-03-16,預金,売,9999,45643
1058,2025-03-23,預金,売,9078,40571
1134,2025-04-23,投信,買,9088,75434
1373,2025-04-19,投信,買,9077,53112
1343,2025-04-29,投信,売,9041,13952
1499,2025-03-13,預金,売,9020,92553
1402,2025-03-05,預金,買,9999,42742
1277,2025-04-27,投信,買,9998,770
1147,2025-04-06,投信,買,9021,34638
1461,2025-04-09,投信,買,9045,13855
1321,2025-04-08,預金,売,9998,71000
1363,2025-04-02,投信,売,9999,14350
1378,2025-03-31,預金,売,9998,13946
1196,2025-03-23,投信,買,9998,26171
1127,2025-04-15,預金,買,9081,42742
1386,2025-04-02,投信,買,9017,33099
1056,2025-04-17,預金,買,9019,115561
1206,2025-04-11,投信,買,9067,56960
1425,2025-04-04,預金,売,9060,83678
1074,2025-03-03,投信,売,9999,27504
1360,2025-03-15,預金,売,9019,95089
1280,2025-03-22,預金,買,9999,139306
1312,2025-03-05,預金,買,9094,14247
1088,2025-04-07,預金,売,9999,0
1313,2025-04-15,投信,売,9999,32686
1076,2025-03-20,投信,買,9999,8467
1318,2025-03-04,投信,買,9085,61579
1080,2025-03-03,投信,買,9999,53112
1311,2025-04-15,預金,売,9058,93821
1355,2025-04-14,投信,売,9998,0
1426,2025-04-04,投信,売,9055,35078
1177,2025-03-21,預金,売,9999,106499
1282,2025-04-11,預金,売,9003,91285
1412,2025-04-10,投信,売,9077,20728
1404,2025-04-18,預金,売,9999,125517
1203,2025-04-16,投信,買,9068,70816
1238,2025-04-17,預金,売,9011,102696
1345,2025-03-09,投信,買,9999,52342
1336,2025-03-16,投信,買,9998,71585
1453,2025-04-04,預金,買,9005,9498
1438,2025-03-10,預金,買,9998,58572
1311,2025-04-01,預金,買,9080,117144
1124,2025-04-06,預金,買,9028,98148
1125,2025-04-30,預金,買,9060,90232
1015,2025-03-12,預金,売,9099,40571
1251,2025-03-13,投信,買,9075,45414
1208,2025-03-03,預金,売,9998,87482
1370,2025-03-21,預金,売,9998,21553
1103,2025-04-26,投信,買,9010,50803
1165,2025-03-18,投信,買,9998,6928
1380,2025-04-11,投信,買,9028,16164
1076,2025-03-06,預金,買,9030,20579
1334,2025-04-02,投信,買,9999,42335
1439,2025-04-03,投信,売,9999,14749
1124,2025-03-23,投信,売,9084,15546
1036,2025-03-16,預金,買,9056,31660
1463,2025-04-12,預金,買,9008,71236
1118,2025-03-01,投信,買,9999,13085
1192,2025-04-02,投信,売,9001,33484
1474,2025-04-15,投信,買,9999,56191
1177,2025-04-02,預金,買,9033,142472
1481,2025-04-28,預金,売,9065,40571
1362,2025-03-01,投信,売,9999,24316
1229,2025-03-28,投信,売,9064,35477
1019,2025-04-29,預金,売,9046,16482
1314,2025-03-23,預金,買,9010,15830
1477,2025-03-20,投信,売,9998,21127
1421,2025-04-03,預金,買,9999,64904
1086,2025-04-06,預金,売,9041,29161
1178,2025-03-22,投信,買,9999,66967
1004,2025-03-24,預金,買,9020,147221
1080,2025-04-11,預金,買,9035,132974
1070,2025-04-25,投信,買,9003,32329
1025,2025-04-22,預金,売,9998,116642
1472,2025-04-23,預金,買,9079,47491
1099,2025-04-11,投信,売,9062,19532
1193,2025-03-10,預金,買,9998,123476
1101,2025-04-28,投信,売,9999,24714
1065,2025-04-01,預金,買,9998,45908
1288,2025-03-02,預金,買,9028,102897
1474,2025-04-05,投信,売,9999,5182
1130,2025-03-31,預金,買,9056,55406
1091,2025-04-09,投信,買,9009,2309
1287,2025-03-16,投信,買,9999,10776
1460,2025-04-28,投信,買,9998,46184
1046,2025-04-10,投信,売,9998,38267
1484,2025-03-14,投信,買,9999,76974
1254,2025-03-05,預金,買,9037,98148
1026,2025-03-06,預金,買,9064,88649
1077,2025-03-02,預金,売,9998,30428
1292,2025-04-27,投信,買,9086,14625
1403,2025-04-13,預金,買,9999,7915
1498,2025-03-08,預金,買,9086,3166
1266,2025-03-07,投信,売,9999,27106
1235,2025-04-18,預金,買,9079,102897
1494,2025-03-25,投信,売,9070,18336
1046,2025-04-03,預金,売,9999,29161
1431,2025-03-12,預金,売,9052,8875
1154,2025-04-28,預金,買,9999,147221
1199,2025-04-01,投信,売,9999,11958
1369,2025-04-02,投信,買,9067,11546
1159,2025-04-01,投信,売,9082,27106
1178,2025-03-16,投信,買,9998,55421
1012,2025-04-08,投信,売,9998,31092
1377,2025-03-20,預金,買,9088,15830
1145,2025-03-06,預金,売,9015,73535
1091,2025-04-05,投信,売,9095,39463
1030,2025-04-11,投信,売,9073,1594
1174,2025-03-25,預金,買,9999,58572
1003,2025-04-17,投信,売,9020,26707
1353,2025-03-31,投信,買,9999,40796
1311,2025-04-29,預金,買,9080,30077
1375,2025-03-09,預金,買,9999,87066
1310,2025-04-12,預金,買,9999,117144
1452,2025-04-05,投信,買,9998,10007
1353,2025-03-30,投信,買,9998,61579
1127,2025-04-28,投信,買,9999,39256
1198,2025-03-28,預金,売,9004,87482
1062,2025-04-01,預金,売,9999,31696
1211,2025-03-12,預金,買,9999,91815
1442,2025-04-11,預金,売,9999,49446
1295,2025-04-03,預金,買,9001,17413
1200,2025-03-06,投信,買,9089,23862
1295,2025-03-17,預金,売,9999,38036
1115,2025-04-01,投信,買,9998,52342
1474,2025-04-29,投信,買,9081,28480
1130,2025-04-10,預金,売,9081,1268
1101,2025-03-29,預金,売,9999,49446
1419,2025-03-23,預金,買,9998,14247
1098,2025-04-14,投信,売,9998,18735
1013,2025-03-20,預金,売,9999,67196
1430,2025-03-13,預金,買,9034,134557
1129,2025-03-17,預金,買,9999,112395
1147,2025-04-05,預金,買,9038,156719
1228,2025-04-27,預金,売,9070,51982
1120,2025-03-28,投信,売,9055,34680
1355,2025-04-29,預金,買,9084,44325
1394,2025-04-17,投信,売,9062,18735
1265,2025-03-19,投信,売,9999,23917
1198,2025-03-08,預金,買,9999,132974
1284,2025-04-13,投信,買,9998,45414
1403,2025-03-12,預金,買,9075,121893
1357,2025-03-22,預金,買,9998,61738
1215,2025-03-12,投信,売,9035,23917
1204,2025-04-28,預金,買,9998,150387
1132,2025-04-01,預金,売,9999,81142
1243,2025-04-28,投信,買,9998,23092
1275,2025-04-29,預金,売,9999,46910
1186,2025-04-05,預金,売,9999,0
1261,2025-04-10,投信,売,9999,14350
1446,2025-04-02,預金,売,9097,2536
1156,2025-03-14,預金,売,9999,44375
1254,2025-04-09,預金,売,9998,101428
1343,2025-03-30,預金,買,9999,101314
1027,2025-03-15,投信,売,9999,33882
1196,2025-04-26,預金,売,9026,114107
1070,2025-04-19,投信,売,9999,35078
1136,2025-03-05,投信,売,9998,24714
1076,2025-04-21,預金,買,9082,99731
1168,2025-04-16,預金,売,9029,90017
1211,2025-03-25,預金,売,9999,98892
1310,2025-03-08,預金,売,9999,45643
1215,2025-03-13,投信,買,9999,19243
1109,2025-03-23,預金,買,9047,80734
1180,2025-03-10,預金,売,9006,101428
1104,2025-03-08,投信,売,9998,35875
1052,2025-03-15,投信,買,9998,51572
1244,2025-03-14,投信,売,9052,19931
1148,2025-03-16,投信,売,9010,5182
1179,2025-03-20,投信,買,9999,65427
1440,2025-03-31,投信,買,9026,1539
1222,2025-04-02,投信,買,9999,61579
1181,2025-03-30,預金,売,9051,20286
1235,2025-03-18,預金,買,9999,58572
1466,2025-04-19,投信,売,9998,33085
1450,2025-03-09,預金,売,9031,13946
1133,2025-03-13,預金,買,9998,49074
1046,2025-04-28,預金,買,9999,147221
1221,2025-04-06,投信,買,9999,10007
1443,2025-03-25,預金,売,9061,78607
1288,2025-03-02,投信,買,9998,56191
1147,2025-03-13,投信,買,9070,46184
1130,2025-04-03,預金,売,9091,3804
1452,2025-04-02,預金,売,9037,50714
1205,2025-04-23,投信,売,9066,8371
1259,2025-03-10,預金,売,9998,98892
1296,2025-04-06,預金,売,9053,3804
1160,2025-03-16,預金,買,9998,26911
1452,2025-04-11,預金,売,9998,39303
1408,2025-04-05,預金,売,9006,103964
1089,2025-04-28,投信,売,9083,32288
1285,2025-03-05,預金,買,9019,68070
1208,2025-04-02,投信,買,9998,1539
1267,2025-04-14,投信,売,9998,10763
1176,2025-04-20,投信,売,9999,24714
1370,2025-04-25,預金,買,9998,56989
1422,2025-03-27,投信,売,9010,37868
1192,2025-04-14,投信,売,9999,29896
1298,2025-03-09,投信,買,9998,15395
1467,2025-04-20,投信,買,9999,52342
1232,2025-03-03,預金,買,9022,144055
1398,2025-03-12,投信,売,9999,23120
1065,2025-03-12,預金,買,9092,49074
1041,2025-03-01,投信,売,9041,23120
1465,2025-03-23,投信,売,9050,27903
1330,2025-03-04,投信,買,9999,69276
1004,2025-04-12,預金,買,9999,26911
1286,2025-04-28,投信,売,9045,27106
1415,2025-03-26,投信,売,9998,23518
1004,2025-04-15,投信,買,9013,74664
1122,2025-04-09,預金,買,9033,18996
1198,2025-03-21,預金,買,9025,88649
1141,2025-03-26,預金,買,9998,77568
1404,2025-04-21,投信,売,9031,15945
1031,2025-03-13,投信,買,9998,10776
1095,2025-03-20,預金,買,9998,140889
1453,2025-03-19,投信,売,9998,26309
1366,2025-04-07,投信,買,9023,23092
1134,2025-03-29,投信,買,9048,59270
1133,2025-04-30,預金,買,9027,41159
1041,2025-03-09,預金,売,9087,68464
1470,2025-03-29,投信,売,9999,18336
1236,2025-04-06,預金,売,9009,45643
1466,2025-03-13,預金,売,9998,97624
1178,2025-03-05,投信,買,9085,67737
1214,2025-04-08,預金,売,9067,71000
1421,2025-04-22,預金,売,9039,63393
1252,2025-04-05,預金,売,9999,110303
1174,2025-03-12,投信,売,9023,23120
1360,2025-03-27,預金,買,9074,36410
1291,2025-04-08,預金,買,9093,75985
1091,2025-04-21,投信,買,9999,71585
1470,2025-04-17,預金,売,9021,76071
1094,2025-03-28,預金,買,9011,9498
1224,2025-04-12,預金,買,9096,66487
1177,2025-03-30,投信,買,9017,43875
1285,2025-03-21,預金,買,9999,33244
1059,2025-03-17,預金,買,9010,134557
1127,2025-04-12,投信,売,9009,29099
1296,2025-03-11,投信,売,9016,13154
1014,2025-03-10,預金,売,9094,48178
1461,2025-04-30,預金,買,9076,42742
1014,2025-04-03,投信,売,9092,8770
1251,2025-03-28,預金,売,9024,73535
1397,2025-03-30,預金,買,9998,156719
1496,2025-04-02,投信,売,9045,33085
1440,2025-04-23,投信,買,9015,7697
1392,2025-03-11,預金,買,9093,69653
1120,2025-04-05,預金,買,9046,31660
1193,2025-03-07,投信,買,9031,22322
1092,2025-04-05,投信,売,9998,25910
1417,2025-03-03,預金,買,9998,6332
1175,2025-03-24,投信,買,9071,3849
1499,2025-04-10,預金,売,9998,48178
1460,2025-04-10,預金,売,9998,21553
1045,2025-03-19,預金,買,9056,23745
1153,2025-04-18,預金,買,9031,36410
1294,2025-03-23,投信,買,9999,51572
1111,2025-04-27,投信,売,9067,8371
1276,2025-03-07,預金,買,9069,15830
1454,2025-03-04,預金,売,9036,45643
1197,2025-03-26,投信,売,9998,5979
1270,2025-04-11,投信,買,9998,33868
1393,2025-03-30,投信,売,9091,35477
1236,2025-03-07,預金,買,9022,69653
1389,2025-04-13,投信,買,9021,26941
1000,2025-03-13,投信,売,9089,19532
1338,2025-04-05,預金,買,9040,113978
1452,2025-03-28,預金,売,9090,73535
1057,2025-03-26,投信,買,9999,65427
1031,2025-03-24,投信,買,9005,68506
1442,2025-04-16,預金,売,9998,22821
1170,2025-04-16,投信,買,9999,17704
1301,2025-03-16,預金,売,9032,67196
1209,2025-04-16,投信,売,9050,8371
1052,2025-03-26,投信,売,9998,15546
1435,2025-04-18,投信,売,9020,12357
1493,2025-03-15,投信,売,9998,28302
1497,2025-03-05,預金,買,9998,83900
1486,2025-03-21,預金,買,9999,140889
1131,2025-03-27,預金,売,9998,122981
1430,2025-03-24,投信,買,9999,10007
1244,2025-03-09,預金,買,9066,104480
1220,2025-03-08,投信,売,9081,17140
1033,2025-04-14,投信,買,9035,39256
1103,2025-03-02,投信,売,9999,19134
1172,2025-04-20,投信,売,9998,19931
1182,2025-04-21,投信,買,9096,20013
1156,2025-03-16,投信,売,9999,8371
1125,2025-04-29,投信,売,9060,25113
1350,2025-03-20,投信,買,9061,31559
1475,2025-04-12,預金,買,9998,23745
1116,2025-04-06,預金,買,9033,82317
1018,2025-04-02,投信,買,9003,16164
1256,2025-04-04,預金,売,9998,36768
1046,2025-04-19,投信,売,9089,37470
1080,2025-04-18,預金,売,9999,54518
1302,2025-03-01,投信,買,9998,43105
1010,2025-04-20,預金,買,9028,14247
1063,2025-04-12,投信,売,9999,29498
1139,2025-03-15,預金,買,9064,71236
1413,2025-03-29,預金,買,9027,11081
1338,2025-04-18,投信,売,9094,8770
1025,2025-04-13,預金,売,9047,26625
1133,2025-03-16,預金,買,9998,11081
1183,2025-03-03,預金,買,9998,68070
1267,2025-04-20,投信,売,9999,31889
1459,2025-04-26,投信,売,9999,39064
1043,2025-04-17,預金,売,9083,120446
1075,2025-03-06,投信,買,9062,71585
1406,2025-04-17,預金,売,9999,98892
1494,2025-04-28,預金,買,9998,150387
1161,2025-04-26,投信,売,9032,4783
1294,2025-04-13,預金,売,9018,116642
1300,2025-04-30,預金,買,9046,42742
1052,2025-04-15,投信,売,9998,5182
1120,2025-03-12,投信,買,9002,66967
1054,2025-03-06,預金,売,9046,120446
1064,2025-03-26,投信,買,9999,16934
1137,2025-04-06,投信,買,9999,33099
1468,2025-03-15,投信,買,9998,56191
1103,2025-03-21,投信,買,9034,14625
